order_id,customer_id,customer_name,customer_email,product_id,product_name,category,brand,price,quantity,total_amount,discount_percent,order_date,shipping_address,city,state,country,payment_method,order_status,customer_age
ORD-1543,CUST-0225,Ashley Lewis,ashley.lewis@email.com,PROD-5566,Business Strategy,Books,O'Reilly,19.87,2,39.74,20.0,2023-11-11,8944 Second Ave,New York,NY,Germany,PayPal,Completed,70
ORD-1260,CUST-0293,Angela Lee,angela.lee@email.com,PROD-5706,Dell Laptop,Electronics,HP,882.75,3,2648.25,20.0,2025-02-19,8232 Second Ave,Jacksonville,FL,Canada,Debit Card,Cancelled,74
ORD-1044,CUST-0299,David Davis,david.davis@email.com,PROD-8623,Web Development,Books,McGraw-Hill,73.08,5,365.4,15.0,2024-05-10,7584 Park Rd,San Jose,CA,Australia,PayPal,Cancelled,24
ORD-2011,CUST-0177,Paul Thompson,paul.thompson@email.com,PROD-3154,Dumbbell Set,Sports,Nike,49.62,5,248.1,10.0,2024-11-22,8955 First St,Chicago,IL,Canada,Bank Transfer,Processing,74
ORD-1755,CUST-0011,James Harris,james.harris@email.com,PROD-8882,Tennis Racket,Sports,Under Armour,74.16,1,74.16,25.0,2024-07-31,6685 Elm St,Dallas,TX,UK,Apple Pay,Processing,24
ORD-1311,CUST-0022,Paul Clark,paul.clark@email.com,PROD-8594,Dumbbell Set,Sports,Spalding,82.87,1,82.87,10.0,2025-03-08,4813 First St,San Francisco,CA,USA,PayPal,Cancelled,59
ORD-1756,CUST-0101,Andrew Davis,andrew.davis@email.com,PROD-4952,Board Game,Toys,Mattel,57.92,4,231.68,20.0,2023-06-08,2344 Oak Ave,Chicago,IL,USA,Debit Card,Completed,44
ORD-1468,CUST-0172,John Davis,john.davis@email.com,PROD-1180,Running Shoes,Sports,Nike,231.83,3,695.49,5.0,2025-03-06,9440 Second Ave,Los Angeles,CA,Canada,Credit Card,Processing,48
ORD-1211,CUST-0047,Paul Jones,paul.jones@email.com,PROD-4634,Tennis Racket,Sports,,123.83,5,619.15,,2024-06-19,4793 Elm St,Fort Worth,TX,Germany,Apple Pay,Completed,70
ORD-1156,CUST-0170,Robert Miller,robert.miller@email.com,PROD-5873,Basketball,Sports,Wilson,86.51,1,86.51,20.0,2024-10-06,7105 Main St,Phoenix,AZ,USA,Bank Transfer,Processing,24
ORD-2109,CUST-0205,Lisa Rodriguez,lisa.rodriguez@email.com,PROD-1204,Face Cream,Beauty,Chanel,29.52,3,88.56,25.0,2024-05-03,7265 Elm St,Chicago,IL,Australia,Apple Pay,Shipped,64
ORD-1712,CUST-0199,Paul Anderson,paul.anderson@email.com,PROD-7188,Data Science Handbook,Books,O'Reilly,21.79,4,87.16,10.0,2024-05-18,4862 Oak Ave,Fort Worth,TX,UK,Debit Card,Processing,19
ORD-1410,CUST-0128,Helen Perez,helen.perez@email.com,PROD-6270,Dress,Clothing,Gap,48.96,1,48.96,,2024-10-07,,Chicago,IL,Canada,PayPal,Shipped,29
ORD-1495,CUST-0166,Anna Thompson,anna.thompson@email.com,PROD-7044,Jeans,Clothing,Nike,165.99,5,829.95,25.0,2023-07-15,5085 Main St,Dallas,TX,USA,Bank Transfer,Pending,68
ORD-1701,CUST-0199,Kimberly Lee,kimberly.lee@email.com,PROD-9354,LEGO Set,Toys,Hasbro,23.09,1,23.09,0.0,2024-12-22,6874 Elm St,Philadelphia,PA,Canada,Bank Transfer,Shipped,44
ORD-1524,CUST-0139,Angela Johnson,angela.johnson@email.com,PROD-8070,Dining Table,Home & Garden,Cuisinart,251.86,2,503.72,,2023-07-18,6315 Elm St,New York,NY,Canada,Credit Card,Processing,42
ORD-1810,CUST-0163,Jane Smith,jane.smith@email.com,PROD-2428,Data Science Handbook,Books,O'Reilly,12.46,3,37.38,15.0,2025-02-11,8680 First St,Indianapolis,IN,USA,Apple Pay,Completed,71
ORD-1553,CUST-0201,Robert Clark,robert.clark@email.com,PROD-1384,Machine Learning,Books,Wiley,31.15,4,124.6,10.0,2025-03-24,1624 Oak Ave,San Francisco,CA,Australia,Debit Card,Processing,36
ORD-1754,CUST-0051,William Ramirez,william.ramirez@email.com,PROD-2756,Board Game,Toys,,31.71,3,95.13,5.0,2025-04-06,8782 Oak Ave,Seattle,WA,Germany,Debit Card,Processing,
ORD-1424,CUST-0047,Helen Thompson,helen.thompson@email.com,PROD-2060,Dress,Clothing,Gap,134.14,4,536.56,25.0,2024-06-16,3762 Park Rd,Seattle,WA,Australia,Credit Card,Pending,
ORD-1381,CUST-0013,Angela Davis,angela.davis@email.com,PROD-6395,Coffee Maker,Home & Garden,Cuisinart,172.63,1,172.63,,2024-08-07,5577 Park Rd,New York,NY,Germany,PayPal,Completed,39
ORD-1962,CUST-0270,Sarah Lee,sarah.lee@email.com,PROD-1327,Shampoo,Beauty,L'Oreal,16.1,4,64.4,0.0,2025-04-26,,Philadelphia,PA,USA,Bank Transfer,Shipped,52
ORD-2151,CUST-0012,Anna Jones,anna.jones@email.com,PROD-4897,Perfume,Beauty,,92.3,1,92.3,25.0,2025-04-05,9065 Second Ave,New York,NY,UK,Credit Card,Shipped,59
ORD-1353,CUST-0086,Andrew Jones,andrew.jones@email.com,PROD-8365,Kitchen Knife Set,Home & Garden,,302.98,2,605.96,15.0,2023-07-14,7174 First St,Austin,TX,USA,Debit Card,Processing,53
ORD-1299,CUST-0007,Donald White,donald.white@email.com,PROD-2487,Jeans,Clothing,Zara,17.95,3,53.85,15.0,2024-12-27,2371 Elm St,New York,NY,Australia,Debit Card,Shipped,41
ORD-2032,CUST-0229,Kimberly Clark,kimberly.clark@email.com,PROD-5523,Running Shoes,Sports,Nike,29.08,1,29.08,15.0,2023-09-19,8232 Elm St,San Diego,CA,USA,Credit Card,Processing,66
ORD-1425,CUST-0046,James White,james.white@email.com,PROD-3088,Hoodie,Clothing,Nike,172.87,4,691.48,0.0,2024-04-05,6459 First St,Los Angeles,CA,Germany,Bank Transfer,Pending,68
ORD-1989,CUST-0232,Andrew Williams,andrew.williams@email.com,PROD-5304,Business Strategy,Books,No Starch Press,74.78,1,74.78,5.0,2024-07-31,6509 Second Ave,San Francisco,CA,Canada,Credit Card,Completed,31
ORD-1332,CUST-0043,James Martin,james.martin@email.com,PROD-2480,Dell Laptop,Electronics,Dell,823.95,2,1647.9,20.0,2024-10-16,9609 Second Ave,Houston,TX,Germany,Bank Transfer,Cancelled,33
ORD-1359,CUST-0126,Paul Sanchez,paul.sanchez@email.com,PROD-7102,Business Strategy,Books,Pearson,60.06,4,240.24,25.0,2024-01-29,3838 Oak Ave,Phoenix,AZ,Germany,Debit Card,Cancelled,75
ORD-1535,CUST-0013,James Martin,james.martin@email.com,PROD-5818,Web Development,Books,McGraw-Hill,53.53,2,107.06,10.0,2023-10-23,5229 Second Ave,New York,NY,USA,Apple Pay,Processing,31
ORD-1108,CUST-0025,Steven Smith,steven.smith@email.com,PROD-1150,Action Figure,Toys,LEGO,29.68,4,118.72,20.0,2025-03-06,,San Francisco,CA,Australia,Apple Pay,Processing,19
ORD-1372,CUST-0212,Andrew Hernandez,andrew.hernandez@email.com,PROD-4875,LEGO Set,Toys,LEGO,54.37,5,271.85,0.0,2024-02-22,6769 Main St,Los Angeles,CA,UK,Debit Card,Completed,32
ORD-1606,CUST-0294,Kimberly Harris,kimberly.harris@email.com,PROD-3302,Basketball,Sports,Wilson,236.19,1,236.19,25.0,2025-05-20,7404 Elm St,Austin,TX,UK,PayPal,Shipped,32
ORD-1903,CUST-0245,Emily Smith,emily.smith@email.com,PROD-3089,Yoga Mat,Sports,Under Armour,195.08,2,390.16,,2023-10-29,4666 First St,Los Angeles,CA,UK,Bank Transfer,Shipped,65
ORD-1079,CUST-0103,Helen Jones,helen.jones@email.com,PROD-7045,Coffee Maker,Home & Garden,Dyson,247.02,5,1235.1,,2023-08-19,7942 Second Ave,Chicago,IL,UK,Debit Card,Cancelled,22
ORD-2140,CUST-0120,Paul Hernandez,paul.hernandez@email.com,PROD-5017,LEGO Set,Toys,LEGO,46.74,1,46.74,10.0,2024-02-21,6837 Main St,Phoenix,AZ,Canada,PayPal,Completed,39
ORD-1618,CUST-0074,Ashley Perez,ashley.perez@email.com,PROD-2725,iPad Air,Electronics,Sony,537.07,3,1611.21,25.0,2024-03-26,8618 Second Ave,Austin,TX,Australia,Apple Pay,Pending,26
ORD-1077,CUST-0079,Lisa Anderson,lisa.anderson@email.com,PROD-9675,Web Development,Books,O'Reilly,35.69,3,107.07,5.0,2023-09-16,6440 Second Ave,New York,NY,Canada,Credit Card,Pending,63
ORD-1773,CUST-0189,James Moore,james.moore@email.com,PROD-8698,Data Science Handbook,Books,O'Reilly,36.41,4,145.64,10.0,2024-10-29,468 Oak Ave,Indianapolis,IN,Germany,Credit Card,Pending,62
ORD-1045,CUST-0295,Jessica Thompson,jessica.thompson@email.com,PROD-1804,Puzzle,Toys,,91.96,4,367.84,10.0,2024-01-13,4206 Elm St,Jacksonville,FL,Canada,PayPal,Completed,59
ORD-1644,CUST-0051,Anna Taylor,anna.taylor@email.com,PROD-9716,Lipstick,Beauty,Neutrogena,82.08,5,410.4,10.0,2024-04-15,4899 Elm St,Phoenix,AZ,Australia,Debit Card,Cancelled,23
ORD-1970,CUST-0156,Michael Harris,michael.harris@email.com,PROD-1064,Tennis Racket,Sports,,174.91,5,874.55,25.0,2025-04-18,9454 Park Rd,San Francisco,CA,UK,Debit Card,Pending,
ORD-1114,CUST-0158,Daniel Lopez,daniel.lopez@email.com,PROD-8354,Samsung Galaxy S23,Electronics,Apple,1136.12,5,5680.6,0.0,2023-08-22,9898 Park Rd,Jacksonville,FL,Germany,Debit Card,Completed,42
ORD-1436,CUST-0262,Jennifer Garcia,jennifer.garcia@email.com,PROD-1425,Sneakers,Clothing,Gap,193.34,2,386.68,,2023-09-27,6764 Main St,Seattle,WA,USA,Bank Transfer,Completed,39
ORD-1266,CUST-0023,Lisa Ramirez,lisa.ramirez@email.com,PROD-2690,MacBook Pro,Electronics,Sony,1065.13,3,3195.39,,2024-04-06,4795 Park Rd,San Antonio,TX,UK,Apple Pay,Pending,60
ORD-1574,CUST-0076,Robert Lewis,robert.lewis@email.com,PROD-4332,Python Programming,Books,Pearson,40.56,2,81.12,20.0,2024-06-09,1736 First St,New York,NY,Australia,Apple Pay,Cancelled,48
ORD-2081,CUST-0226,Lisa Miller,,PROD-3223,Kitchen Knife Set,Home & Garden,IKEA,111.94,2,223.88,15.0,2024-12-31,8486 First St,Dallas,TX,USA,Apple Pay,Processing,31
ORD-2085,CUST-0235,Angela Robinson,angela.robinson@email.com,PROD-3812,Tennis Racket,Sports,Wilson,133.46,3,400.38,5.0,2025-05-04,1527 Elm St,Seattle,WA,Canada,PayPal,Pending,58
ORD-2070,CUST-0119,Jennifer Williams,,PROD-7075,LEGO Set,Toys,Playmobil,78.67,5,393.35,5.0,2023-11-03,9797 Oak Ave,San Jose,CA,Australia,Debit Card,Completed,44
ORD-1479,CUST-0098,Lisa Jackson,lisa.jackson@email.com,PROD-6030,Machine Learning,Books,O'Reilly,45.15,1,45.15,25.0,2024-08-31,8987 First St,Columbus,OH,Australia,Apple Pay,Pending,29
ORD-1241,CUST-0223,Melissa Robinson,melissa.robinson@email.com,PROD-7267,Action Figure,Toys,Playmobil,14.87,5,74.35,,2024-11-25,3717 Oak Ave,Phoenix,AZ,UK,Credit Card,Cancelled,66
ORD-1193,CUST-0192,Matthew Sanchez,matthew.sanchez@email.com,PROD-4155,Coffee Maker,Home & Garden,Dyson,177.15,1,177.15,5.0,2024-11-23,3553 Elm St,Seattle,WA,USA,PayPal,Cancelled,31
ORD-1421,CUST-0128,Amanda Anderson,amanda.anderson@email.com,PROD-4080,Perfume,Beauty,Neutrogena,8.44,3,25.32,,2024-05-25,3926 Second Ave,Los Angeles,CA,UK,Debit Card,Cancelled,68
ORD-1790,CUST-0029,Sarah Clark,sarah.clark@email.com,PROD-4168,Dining Table,Home & Garden,,411.8,3,1235.4,0.0,2023-07-11,4675 Main St,Chicago,IL,Australia,Bank Transfer,Processing,
ORD-1887,CUST-0156,Emily Hernandez,emily.hernandez@email.com,PROD-9851,Bed Sheets,Home & Garden,KitchenAid,47.53,3,142.59,,2024-08-19,7456 Second Ave,Dallas,TX,USA,Bank Transfer,Pending,
ORD-1298,CUST-0127,Ashley Hernandez,ashley.hernandez@email.com,PROD-1084,Dress,Clothing,Adidas,92.29,1,92.29,,2024-09-15,6560 First St,Indianapolis,IN,USA,Credit Card,Cancelled,23
ORD-1865,CUST-0199,Ashley Clark,,PROD-4761,Data Science Handbook,Books,O'Reilly,32.75,5,163.75,5.0,2024-02-20,5106 Main St,San Diego,CA,UK,Credit Card,Completed,63
ORD-1592,CUST-0064,Sarah Jones,sarah.jones@email.com,PROD-7005,Toy Car,Toys,LEGO,47.16,3,141.48,,2024-01-26,5507 Elm St,San Francisco,CA,Canada,Credit Card,Cancelled,49
ORD-1082,CUST-0296,William Lee,william.lee@email.com,PROD-9160,Tennis Racket,Sports,Under Armour,268.92,5,1344.6,10.0,2024-09-28,1295 Elm St,San Diego,CA,Australia,Credit Card,Shipped,48
ORD-2166,CUST-0027,Sarah Moore,sarah.moore@email.com,PROD-6845,Vacuum Cleaner,Home & Garden,KitchenAid,374.16,4,1496.64,25.0,2024-04-29,3093 First St,Jacksonville,FL,Germany,Debit Card,Cancelled,34
ORD-1746,CUST-0278,Brenda Ramirez,brenda.ramirez@email.com,PROD-9947,Sunscreen,Beauty,Neutrogena,50.2,5,251.0,0.0,2024-07-09,6984 Main St,Los Angeles,CA,UK,Bank Transfer,Pending,26
ORD-1050,CUST-0098,Sarah Ramirez,sarah.ramirez@email.com,PROD-1350,iPad Air,Electronics,Samsung,148.63,3,445.89,5.0,2024-12-21,9180 Oak Ave,San Antonio,TX,USA,Apple Pay,Shipped,32
ORD-1351,CUST-0133,Anna Perez,anna.perez@email.com,PROD-1218,Running Shoes,Sports,Nike,68.09,4,272.36,15.0,2025-03-26,6010 Elm St,San Francisco,CA,UK,Debit Card,Pending,
ORD-1679,CUST-0033,Brenda Williams,brenda.williams@email.com,PROD-4851,Sony Headphones,Electronics,Samsung,229.13,3,687.39,10.0,2023-08-14,8168 First St,Columbus,OH,UK,Apple Pay,Completed,59
ORD-1411,CUST-0105,Ashley Taylor,ashley.taylor@email.com,PROD-4237,Perfume,Beauty,MAC,42.78,2,85.56,10.0,2024-03-10,7983 Main St,Charlotte,NC,Canada,Bank Transfer,Cancelled,48
ORD-1904,CUST-0057,Michael Wilson,michael.wilson@email.com,PROD-1168,Business Strategy,Books,No Starch Press,57.12,1,57.12,,2025-03-02,2545 Oak Ave,San Antonio,TX,USA,PayPal,Shipped,49
ORD-1840,CUST-0147,Jane Thomas,jane.thomas@email.com,PROD-6281,Data Science Handbook,Books,Pearson,40.58,2,81.16,20.0,2025-04-07,1966 Second Ave,San Jose,CA,Germany,Debit Card,Completed,
ORD-1932,CUST-0297,Mark Hernandez,mark.hernandez@email.com,PROD-2135,Samsung Galaxy S23,Electronics,Apple,736.35,1,736.35,15.0,2024-06-13,7572 Park Rd,Dallas,TX,UK,Debit Card,Completed,18
ORD-1988,CUST-0252,James Lee,james.lee@email.com,PROD-2822,Business Strategy,Books,Pearson,68.98,1,68.98,0.0,2024-08-16,1312 Oak Ave,Charlotte,NC,Germany,Bank Transfer,Processing,58
ORD-1363,CUST-0156,Angela Wilson,angela.wilson@email.com,PROD-5256,iPad Air,Electronics,Apple,1272.63,3,3817.89,,2025-03-19,185 First St,Houston,TX,Australia,Bank Transfer,Shipped,55
ORD-1345,CUST-0256,Lisa Brown,lisa.brown@email.com,PROD-2999,MacBook Pro,Electronics,HP,818.63,5,4093.15,0.0,2024-04-18,7961 First St,Phoenix,AZ,USA,Bank Transfer,Processing,39
ORD-1071,CUST-0217,Sarah Harris,sarah.harris@email.com,PROD-8490,Python Programming,Books,O'Reilly,14.4,4,57.6,0.0,2025-02-28,2452 Park Rd,Indianapolis,IN,Germany,Debit Card,Completed,33
ORD-1910,CUST-0211,Lisa Jones,lisa.jones@email.com,PROD-5368,Lipstick,Beauty,Neutrogena,103.64,1,103.64,20.0,2025-03-04,9834 Elm St,Los Angeles,CA,Germany,Apple Pay,Completed,44
ORD-1049,CUST-0295,Christopher Thomas,,PROD-7866,Machine Learning,Books,Wiley,47.68,5,238.4,5.0,2024-10-03,575 First St,San Diego,CA,UK,Bank Transfer,Cancelled,71
ORD-1102,CUST-0029,David Taylor,david.taylor@email.com,PROD-6254,Shorts,Clothing,Uniqlo,58.83,2,117.66,20.0,2024-01-04,9221 Second Ave,Columbus,OH,UK,PayPal,Cancelled,21
ORD-1707,CUST-0037,William Brown,william.brown@email.com,PROD-4096,Toy Car,Toys,,83.08,3,249.24,15.0,2024-12-06,3363 Park Rd,Dallas,TX,Germany,Credit Card,Cancelled,49
ORD-1059,CUST-0131,Jessica Hernandez,jessica.hernandez@email.com,PROD-9726,Kitchen Knife Set,Home & Garden,Cuisinart,359.24,5,1796.2,25.0,2024-05-19,793 First St,Chicago,IL,Australia,Credit Card,Cancelled,73
ORD-1645,CUST-0252,Sarah Hernandez,sarah.hernandez@email.com,PROD-5706,Tennis Racket,Sports,Wilson,235.84,1,235.84,0.0,2023-12-01,9459 Second Ave,Chicago,IL,UK,PayPal,Pending,52
ORD-2122,CUST-0164,Donald Robinson,donald.robinson@email.com,PROD-2310,MacBook Pro,Electronics,HP,1529.02,5,7645.1,20.0,2024-07-03,6729 Second Ave,Columbus,OH,UK,PayPal,Cancelled,74
ORD-2106,CUST-0123,Lisa Garcia,lisa.garcia@email.com,PROD-7284,Dumbbell Set,Sports,Nike,73.92,3,221.76,,2023-08-06,5741 Park Rd,Seattle,WA,UK,Apple Pay,Completed,69
ORD-1362,CUST-0208,Steven Miller,steven.miller@email.com,PROD-3065,iPhone 14,Electronics,Logitech,1064.92,5,5324.6,0.0,2024-10-27,2721 Main St,Seattle,WA,UK,Credit Card,Processing,33
ORD-2165,CUST-0232,Jennifer Williams,jennifer.williams@email.com,PROD-2971,Lipstick,Beauty,MAC,46.96,1,46.96,5.0,2024-01-29,6579 Park Rd,Jacksonville,FL,USA,Debit Card,Pending,69
ORD-1219,CUST-0293,David Jackson,david.jackson@email.com,PROD-8082,LEGO Set,Toys,Mattel,87.07,2,174.14,,2023-10-23,8285 Oak Ave,San Francisco,CA,USA,Apple Pay,Processing,68
ORD-1297,CUST-0235,Melissa Garcia,melissa.garcia@email.com,PROD-3785,Sneakers,Clothing,Levi's,121.95,5,609.75,0.0,2024-07-17,3646 Second Ave,Indianapolis,IN,Australia,Debit Card,Cancelled,64
ORD-1965,CUST-0059,Andrew Lee,andrew.lee@email.com,PROD-2717,Puzzle,Toys,Hasbro,32.3,5,161.5,0.0,2023-05-23,8387 Oak Ave,Chicago,IL,Canada,PayPal,Shipped,27
ORD-1482,CUST-0136,Jessica Clark,jessica.clark@email.com,PROD-7793,Vacuum Cleaner,Home & Garden,IKEA,40.52,1,40.52,10.0,2024-11-04,9474 First St,Austin,TX,UK,PayPal,Processing,30
ORD-1232,CUST-0163,Kimberly Sanchez,kimberly.sanchez@email.com,PROD-7190,Web Development,Books,,35.07,2,70.14,0.0,2024-09-30,8129 Oak Ave,Charlotte,NC,Germany,Apple Pay,Shipped,38
ORD-1765,CUST-0165,Daniel Garcia,daniel.garcia@email.com,PROD-1189,Board Game,Toys,,80.2,1,80.2,25.0,2023-06-23,9698 Main St,Chicago,IL,UK,Credit Card,Shipped,69
ORD-1948,CUST-0212,Brenda Clark,brenda.clark@email.com,PROD-8804,Tennis Racket,Sports,Nike,199.81,4,799.24,10.0,2024-07-19,9942 Oak Ave,Houston,TX,Germany,Bank Transfer,Completed,58
ORD-1902,CUST-0285,Matthew Johnson,matthew.johnson@email.com,PROD-4539,Board Game,Toys,Hasbro,16.05,4,64.2,5.0,2024-10-24,4623 Park Rd,San Francisco,CA,Canada,Bank Transfer,Completed,50
ORD-1052,CUST-0033,Michelle Anderson,michelle.anderson@email.com,PROD-4630,Basketball,Sports,Nike,284.72,1,284.72,25.0,2024-11-06,610 Main St,San Jose,CA,Australia,Debit Card,Cancelled,24
ORD-1582,CUST-0217,Christopher Smith,christopher.smith@email.com,PROD-8102,Lipstick,Beauty,L'Oreal,145.05,2,290.1,10.0,2025-02-11,4093 Elm St,Indianapolis,IN,Germany,Credit Card,Pending,31
ORD-2027,CUST-0082,Anthony Johnson,anthony.johnson@email.com,PROD-2784,Python Programming,Books,O'Reilly,66.44,3,199.32,15.0,2024-03-26,4554 Oak Ave,Phoenix,AZ,Canada,Bank Transfer,Completed,44
ORD-1554,CUST-0274,Matthew Davis,matthew.davis@email.com,PROD-2775,Kitchen Knife Set,Home & Garden,Dyson,239.83,5,1199.15,15.0,2024-01-15,1885 Elm St,Charlotte,NC,UK,Bank Transfer,Pending,58
ORD-1486,CUST-0093,Michael Williams,michael.williams@email.com,PROD-1360,Data Science Handbook,Books,Wiley,38.96,4,155.84,0.0,2023-12-24,7487 Oak Ave,Columbus,OH,Australia,PayPal,Pending,
ORD-2167,CUST-0153,Jennifer Johnson,,PROD-3932,Toy Car,Toys,,76.87,3,230.61,25.0,2023-12-22,4291 Second Ave,Dallas,TX,UK,Debit Card,Cancelled,52
ORD-1110,CUST-0042,Mark Ramirez,mark.ramirez@email.com,PROD-8799,iPhone 14,Electronics,Sony,159.42,1,159.42,0.0,2024-10-15,1662 Second Ave,Columbus,OH,UK,Credit Card,Shipped,73
ORD-1619,CUST-0192,Lisa Jones,lisa.jones@email.com,PROD-4243,LEGO Set,Toys,Fisher-Price,98.16,1,98.16,,2023-06-26,291 Second Ave,San Diego,CA,Canada,Debit Card,Cancelled,30
ORD-1124,CUST-0192,Donald Jones,donald.jones@email.com,PROD-7932,Dining Table,Home & Garden,Cuisinart,113.23,5,566.15,25.0,2023-11-16,2398 Oak Ave,Seattle,WA,Canada,Bank Transfer,Cancelled,73
ORD-1055,CUST-0288,Kimberly Hernandez,kimberly.hernandez@email.com,PROD-1843,Bed Sheets,Home & Garden,KitchenAid,484.99,5,2424.95,0.0,2025-01-03,8000 Oak Ave,Indianapolis,IN,Canada,Credit Card,Pending,41
ORD-1918,CUST-0013,Donald Taylor,donald.taylor@email.com,PROD-8583,Data Science Handbook,Books,Pearson,41.71,5,208.55,25.0,2024-04-18,155 Main St,Columbus,OH,Canada,Bank Transfer,Completed,20
ORD-1711,CUST-0229,Robert Davis,robert.davis@email.com,PROD-3464,Dell Laptop,Electronics,HP,1491.37,4,5965.48,15.0,2023-06-15,8153 First St,Seattle,WA,UK,Apple Pay,Pending,49
ORD-1129,CUST-0213,Christopher Anderson,christopher.anderson@email.com,PROD-5559,LEGO Set,Toys,Fisher-Price,72.52,3,217.56,15.0,2024-04-22,7611 Elm St,New York,NY,USA,Bank Transfer,Completed,43
ORD-1057,CUST-0016,Michael White,michael.white@email.com,PROD-7063,Kitchen Knife Set,Home & Garden,KitchenAid,173.03,3,519.09,20.0,2025-01-22,915 Elm St,Chicago,IL,USA,Credit Card,Pending,45
ORD-1087,CUST-0266,Daniel Jones,daniel.jones@email.com,PROD-6219,Yoga Mat,Sports,Wilson,65.5,5,327.5,10.0,2025-01-19,8821 First St,Austin,TX,Germany,Apple Pay,Pending,19
ORD-1716,CUST-0040,Michael Harris,michael.harris@email.com,PROD-8579,Action Figure,Toys,Playmobil,59.81,3,179.43,5.0,2024-11-19,5432 Oak Ave,Philadelphia,PA,Canada,Bank Transfer,Processing,50
ORD-1927,CUST-0037,Ashley Harris,ashley.harris@email.com,PROD-7543,Coffee Maker,Home & Garden,West Elm,133.89,4,535.56,15.0,2023-07-26,837 Park Rd,Austin,TX,UK,Bank Transfer,Pending,69
ORD-1276,CUST-0197,Amanda Davis,amanda.davis@email.com,PROD-4879,Running Shoes,Sports,Under Armour,219.4,3,658.2,20.0,2025-01-02,9408 First St,Jacksonville,FL,USA,Bank Transfer,Completed,62
ORD-2183,CUST-0101,Anthony Harris,anthony.harris@email.com,PROD-5555,Puzzle,Toys,Fisher-Price,85.45,5,427.25,25.0,2023-11-07,6743 Oak Ave,Fort Worth,TX,UK,PayPal,Processing,26
ORD-1448,CUST-0157,Donald Lee,donald.lee@email.com,PROD-9354,Sneakers,Clothing,H&M,94.01,1,94.01,10.0,2024-05-29,4146 Park Rd,Dallas,TX,UK,Credit Card,Shipped,
ORD-1171,CUST-0030,John Anderson,john.anderson@email.com,PROD-9022,Action Figure,Toys,Playmobil,80.67,1,80.67,,2024-08-09,7921 First St,Columbus,OH,Australia,Credit Card,Completed,64
ORD-1882,CUST-0180,Kimberly Lee,kimberly.lee@email.com,PROD-1017,iPhone 14,Electronics,Apple,1240.32,4,4961.28,0.0,2025-03-25,1424 Elm St,Chicago,IL,UK,Credit Card,Pending,70
ORD-1911,CUST-0123,Angela Martinez,angela.martinez@email.com,PROD-7231,Face Cream,Beauty,Neutrogena,45.44,2,90.88,5.0,2023-10-07,3158 Park Rd,San Jose,CA,Australia,Credit Card,Pending,32
ORD-2134,CUST-0224,Angela Thompson,angela.thompson@email.com,PROD-9701,Jeans,Clothing,Adidas,145.09,3,435.27,10.0,2023-11-15,7654 Elm St,Philadelphia,PA,UK,Apple Pay,Cancelled,
ORD-1322,CUST-0063,William Thomas,william.thomas@email.com,PROD-1866,Shampoo,Beauty,L'Oreal,125.9,4,503.6,5.0,2024-06-17,1678 Main St,Austin,TX,Canada,Apple Pay,Cancelled,30
ORD-1561,CUST-0197,James Jackson,james.jackson@email.com,PROD-8757,Basketball,Sports,Wilson,78.61,1,78.61,5.0,2023-08-24,104 Park Rd,Phoenix,AZ,Canada,Credit Card,Completed,69
ORD-1433,CUST-0229,Helen Hernandez,helen.hernandez@email.com,PROD-2439,Dress,Clothing,Adidas,119.06,1,119.06,,2023-09-27,9019 Oak Ave,Indianapolis,IN,UK,Debit Card,Completed,20
ORD-1429,CUST-0108,Robert Sanchez,robert.sanchez@email.com,PROD-2671,Face Cream,Beauty,MAC,104.32,2,208.64,15.0,2025-04-17,7863 Oak Ave,Philadelphia,PA,USA,Credit Card,Completed,59
ORD-1637,CUST-0088,John Moore,john.moore@email.com,PROD-3423,Face Cream,Beauty,MAC,17.06,3,51.18,,2024-02-29,8141 First St,Dallas,TX,USA,PayPal,Cancelled,46
ORD-1981,CUST-0044,Daniel Williams,daniel.williams@email.com,PROD-6952,Sony Headphones,Electronics,Asus,651.6,1,651.6,15.0,2024-04-01,6098 Elm St,Dallas,TX,Australia,PayPal,Pending,37
ORD-1893,CUST-0179,David Johnson,david.johnson@email.com,PROD-5657,Coffee Maker,Home & Garden,West Elm,55.59,5,277.95,20.0,2023-08-27,2955 Second Ave,San Diego,CA,UK,Bank Transfer,Pending,33
ORD-1650,CUST-0104,Michael Moore,michael.moore@email.com,PROD-8684,Jeans,Clothing,Levi's,103.58,1,103.58,15.0,2023-11-27,6176 First St,Chicago,IL,USA,PayPal,Cancelled,20
ORD-2132,CUST-0143,Paul Martin,paul.martin@email.com,PROD-6161,Business Strategy,Books,No Starch Press,66.97,1,66.97,20.0,2025-05-11,7251 Park Rd,San Antonio,TX,Canada,PayPal,Shipped,32
ORD-2024,CUST-0136,Kimberly Thompson,kimberly.thompson@email.com,PROD-4677,Kitchen Knife Set,Home & Garden,KitchenAid,478.97,3,1436.91,25.0,2023-07-09,7305 First St,San Jose,CA,Canada,PayPal,Pending,19
ORD-1414,CUST-0020,Brenda Brown,brenda.brown@email.com,PROD-5183,Yoga Mat,Sports,Adidas,235.96,3,707.88,15.0,2025-03-03,7047 Elm St,Jacksonville,FL,USA,PayPal,Shipped,70
ORD-1739,CUST-0150,Lisa Rodriguez,lisa.rodriguez@email.com,PROD-5732,Vacuum Cleaner,Home & Garden,Cuisinart,172.01,5,860.05,25.0,2023-08-01,154 Oak Ave,Chicago,IL,Canada,Credit Card,Pending,25
ORD-1462,CUST-0066,Emily Harris,emily.harris@email.com,PROD-7783,Web Development,Books,Wiley,52.12,3,156.36,,2025-03-22,8244 Second Ave,San Diego,CA,Australia,Apple Pay,Cancelled,70
ORD-1434,CUST-0266,Andrew Sanchez,andrew.sanchez@email.com,PROD-6128,Tennis Racket,Sports,Adidas,166.35,3,499.05,20.0,2023-12-23,3181 Oak Ave,Houston,TX,USA,Bank Transfer,Shipped,56
ORD-1876,CUST-0220,Emily Lopez,emily.lopez@email.com,PROD-1383,Sony Headphones,Electronics,Sony,1401.77,2,2803.54,,2023-08-20,5973 First St,Phoenix,AZ,Australia,Apple Pay,Processing,73
ORD-1781,CUST-0014,Christopher Jones,christopher.jones@email.com,PROD-3876,MacBook Pro,Electronics,HP,1546.81,3,4640.43,10.0,2023-07-15,7247 Second Ave,Columbus,OH,Germany,Credit Card,Cancelled,49
ORD-1378,CUST-0253,Andrew Thompson,andrew.thompson@email.com,PROD-7490,T-Shirt,Clothing,Adidas,35.53,3,106.59,15.0,2023-11-13,9368 Elm St,Seattle,WA,Canada,Apple Pay,Processing,55
ORD-1287,CUST-0247,Sarah Jackson,sarah.jackson@email.com,PROD-2486,Machine Learning,Books,McGraw-Hill,35.57,3,106.71,,2024-09-04,744 First St,San Jose,CA,Canada,PayPal,Pending,75
ORD-1895,CUST-0023,Steven Thompson,steven.thompson@email.com,PROD-3054,Dining Table,Home & Garden,Dyson,365.41,2,730.82,20.0,2024-03-13,6243 Oak Ave,San Jose,CA,Germany,Credit Card,Completed,47
ORD-1877,CUST-0008,Jessica Williams,jessica.williams@email.com,PROD-3281,Gaming Mouse,Electronics,Logitech,1884.45,4,7537.8,20.0,2024-04-08,4864 Elm St,Houston,TX,Australia,Credit Card,Shipped,42
ORD-1234,CUST-0276,Paul Gonzalez,paul.gonzalez@email.com,PROD-5639,Perfume,Beauty,Neutrogena,53.81,3,161.43,,2024-11-08,2226 Oak Ave,Chicago,IL,USA,Credit Card,Shipped,30
ORD-1763,CUST-0058,Kimberly Thomas,kimberly.thomas@email.com,PROD-3946,Sunscreen,Beauty,,84.54,2,169.08,5.0,2023-07-13,1315 Oak Ave,Indianapolis,IN,Germany,Apple Pay,Processing,
ORD-1813,CUST-0014,David Robinson,david.robinson@email.com,PROD-7104,iPhone 14,Electronics,Samsung,1296.37,5,6481.85,5.0,2023-08-05,1996 Park Rd,San Diego,CA,Canada,Bank Transfer,Completed,38
ORD-2042,CUST-0253,James Sanchez,james.sanchez@email.com,PROD-9156,Dress,Clothing,Zara,108.74,3,326.22,5.0,2024-06-11,3820 Elm St,Los Angeles,CA,Germany,Debit Card,Completed,68
ORD-1725,CUST-0281,Andrew Lewis,andrew.lewis@email.com,PROD-9521,Machine Learning,Books,No Starch Press,57.78,5,288.9,5.0,2024-01-09,5476 Second Ave,New York,NY,Australia,Bank Transfer,Cancelled,43
ORD-1901,CUST-0251,Angela Smith,angela.smith@email.com,PROD-2837,Running Shoes,Sports,Spalding,160.88,2,321.76,10.0,2024-12-06,5227 Second Ave,Seattle,WA,USA,Debit Card,Cancelled,62
ORD-1846,CUST-0283,Mark Davis,mark.davis@email.com,PROD-7184,Business Strategy,Books,No Starch Press,34.78,4,139.12,25.0,2025-04-08,840 Second Ave,Fort Worth,TX,Canada,Debit Card,Pending,42
ORD-1993,CUST-0179,Sarah Davis,sarah.davis@email.com,PROD-6376,Sony Headphones,Electronics,Apple,1661.39,1,1661.39,25.0,2023-09-25,2322 Park Rd,Los Angeles,CA,UK,PayPal,Cancelled,22
ORD-2012,CUST-0246,Kimberly Wilson,kimberly.wilson@email.com,PROD-7216,Tennis Racket,Sports,Adidas,299.76,1,299.76,10.0,2024-04-06,,Charlotte,NC,UK,PayPal,Cancelled,53
ORD-1717,CUST-0030,Christopher Jones,christopher.jones@email.com,PROD-7017,Vacuum Cleaner,Home & Garden,Cuisinart,297.59,3,892.77,15.0,2023-11-18,792 Main St,Houston,TX,Canada,Debit Card,Shipped,
ORD-1267,CUST-0077,Emily Rodriguez,emily.rodriguez@email.com,PROD-9889,Basketball,Sports,Under Armour,118.09,3,354.27,25.0,2024-03-08,5649 Second Ave,San Diego,CA,Canada,Debit Card,Completed,48
ORD-1200,CUST-0040,Angela Williams,angela.williams@email.com,PROD-7638,Toy Car,Toys,LEGO,79.23,2,158.46,20.0,2024-02-13,2535 Park Rd,Seattle,WA,Germany,Debit Card,Shipped,55
ORD-1175,CUST-0155,Melissa Perez,melissa.perez@email.com,PROD-3248,Dumbbell Set,Sports,Under Armour,137.27,1,137.27,20.0,2023-09-20,8254 Oak Ave,San Jose,CA,USA,Apple Pay,Shipped,71
ORD-1359,CUST-0126,Paul Sanchez,paul.sanchez@email.com,PROD-7102,Business Strategy,Books,Pearson,60.06,4,240.24,25.0,2024-01-29,3838 Oak Ave,Phoenix,AZ,Germany,Debit Card,Cancelled,75
ORD-1148,CUST-0045,William Gonzalez,william.gonzalez@email.com,PROD-9908,Hoodie,Clothing,Gap,162.05,4,648.2,10.0,2024-09-25,9367 Second Ave,Seattle,WA,Australia,Bank Transfer,Cancelled,19
ORD-2093,CUST-0047,Brenda Jones,brenda.jones@email.com,PROD-5363,Bed Sheets,Home & Garden,,295.69,4,1182.76,25.0,2023-07-22,7454 Main St,San Diego,CA,Germany,PayPal,Pending,38
ORD-1947,CUST-0121,John Miller,john.miller@email.com,PROD-5850,Action Figure,Toys,LEGO,51.26,5,256.3,0.0,2023-08-24,2269 Park Rd,Charlotte,NC,Canada,Credit Card,Pending,
ORD-1443,CUST-0236,James Martinez,james.martinez@email.com,PROD-6809,MacBook Pro,Electronics,HP,67.28,4,269.12,0.0,2024-11-14,8085 Main St,Indianapolis,IN,Canada,PayPal,Pending,43
ORD-1708,CUST-0244,Melissa Gonzalez,melissa.gonzalez@email.com,PROD-1893,Jeans,Clothing,Nike,22.59,1,22.59,20.0,2024-11-21,7034 Oak Ave,Dallas,TX,Canada,Credit Card,Processing,
ORD-1399,CUST-0106,Jessica Wilson,jessica.wilson@email.com,PROD-6085,Perfume,Beauty,Nivea,91.42,5,457.1,15.0,2024-02-29,7402 Main St,San Antonio,TX,USA,Debit Card,Processing,51
ORD-1719,CUST-0189,Paul Martinez,paul.martinez@email.com,PROD-1392,Kitchen Knife Set,Home & Garden,KitchenAid,174.41,2,348.82,5.0,2024-08-10,2391 Elm St,Phoenix,AZ,Australia,Bank Transfer,Cancelled,19
ORD-1515,CUST-0052,Anthony Thomas,anthony.thomas@email.com,PROD-2759,Web Development,Books,Wiley,42.48,4,169.92,,2024-03-08,280 Second Ave,Charlotte,NC,USA,Bank Transfer,Completed,75
ORD-2186,CUST-0042,Robert Davis,robert.davis@email.com,PROD-7870,Data Science Handbook,Books,Wiley,68.33,2,136.66,10.0,2024-11-19,,Houston,TX,UK,Apple Pay,Processing,34
ORD-1328,CUST-0206,Helen Davis,helen.davis@email.com,PROD-6519,iPad Air,Electronics,Asus,583.06,5,2915.3,15.0,2024-08-02,5045 Second Ave,San Antonio,TX,UK,Bank Transfer,Cancelled,38
ORD-1874,CUST-0278,James Brown,james.brown@email.com,PROD-8692,Toy Car,Toys,Mattel,13.78,5,68.9,,2024-12-18,3414 Park Rd,San Antonio,TX,Australia,Apple Pay,Shipped,64
ORD-1771,CUST-0033,Christopher Rodriguez,christopher.rodriguez@email.com,PROD-5836,Face Cream,Beauty,Nivea,111.09,5,555.45,25.0,2025-04-04,439 Oak Ave,San Jose,CA,Australia,Debit Card,Shipped,64
ORD-1169,CUST-0287,Steven Robinson,steven.robinson@email.com,PROD-4660,Lipstick,Beauty,L'Oreal,113.68,3,341.04,10.0,2024-06-06,2029 First St,Dallas,TX,Germany,Credit Card,Processing,57
ORD-1210,CUST-0130,Jessica Jackson,jessica.jackson@email.com,PROD-2952,Perfume,Beauty,Nivea,114.19,4,456.76,5.0,2023-09-02,5644 Second Ave,San Antonio,TX,Germany,Apple Pay,Completed,58
ORD-2092,CUST-0196,Mark Lee,mark.lee@email.com,PROD-8939,Machine Learning,Books,No Starch Press,73.0,1,73.0,25.0,2024-03-20,6226 Oak Ave,Phoenix,AZ,UK,Debit Card,Processing,
ORD-1136,CUST-0021,Brenda Johnson,brenda.johnson@email.com,PROD-9210,Dining Table,Home & Garden,Dyson,389.38,4,1557.52,0.0,2025-03-08,4646 Main St,Seattle,WA,Germany,Bank Transfer,Completed,31
ORD-1185,CUST-0025,Kimberly Robinson,kimberly.robinson@email.com,PROD-3904,Tennis Racket,Sports,Under Armour,213.71,2,427.42,5.0,2023-09-06,5373 Second Ave,Fort Worth,TX,Germany,Debit Card,Cancelled,62
ORD-1721,CUST-0151,Amanda Clark,amanda.clark@email.com,PROD-6431,Coffee Maker,Home & Garden,,116.9,5,584.5,0.0,2023-10-19,,Seattle,WA,UK,Apple Pay,Shipped,41
ORD-1465,CUST-0188,David Williams,david.williams@email.com,PROD-3453,Sony Headphones,Electronics,Asus,1542.56,4,6170.24,25.0,2024-11-13,5626 First St,San Jose,CA,Australia,Credit Card,Pending,21
ORD-1693,CUST-0037,Michael Rodriguez,michael.rodriguez@email.com,PROD-1174,Dell Laptop,Electronics,Dell,1410.75,3,4232.25,10.0,2023-12-22,7938 Elm St,San Jose,CA,Australia,Apple Pay,Processing,
ORD-1159,CUST-0244,Anthony Lewis,anthony.lewis@email.com,PROD-1569,Python Programming,Books,Wiley,45.15,5,225.75,25.0,2025-02-16,7457 Oak Ave,Phoenix,AZ,USA,PayPal,Shipped,26
ORD-1141,CUST-0150,Anthony Sanchez,anthony.sanchez@email.com,PROD-9084,Yoga Mat,Sports,Spalding,299.38,2,598.76,20.0,2024-01-29,491 Oak Ave,Phoenix,AZ,USA,Apple Pay,Pending,62
ORD-1428,CUST-0243,Amanda Harris,amanda.harris@email.com,PROD-4197,Sony Headphones,Electronics,HP,1417.16,5,7085.8,5.0,2024-04-18,2781 Second Ave,Los Angeles,CA,UK,PayPal,Cancelled,36
ORD-1992,CUST-0238,Angela Smith,angela.smith@email.com,PROD-7465,Lipstick,Beauty,Nivea,10.84,1,10.84,,2024-01-24,8826 Oak Ave,Chicago,IL,USA,Apple Pay,Cancelled,59
ORD-1529,CUST-0044,Jane Rodriguez,jane.rodriguez@email.com,PROD-7303,Kitchen Knife Set,Home & Garden,IKEA,235.91,2,471.82,5.0,2025-03-28,,Columbus,OH,Germany,Bank Transfer,Completed,40
ORD-2147,CUST-0272,Brenda Lewis,brenda.lewis@email.com,PROD-5832,Dell Laptop,Electronics,Logitech,1568.93,4,6275.72,10.0,2024-12-19,9827 Main St,San Jose,CA,Australia,Debit Card,Shipped,47
ORD-1248,CUST-0032,Mark Rodriguez,mark.rodriguez@email.com,PROD-4696,LEGO Set,Toys,Playmobil,23.65,4,94.6,0.0,2024-06-17,3826 First St,Indianapolis,IN,Germany,PayPal,Processing,37
ORD-1382,CUST-0171,Matthew Sanchez,matthew.sanchez@email.com,PROD-2568,Gaming Mouse,Electronics,Logitech,1269.43,5,6347.15,,2023-07-24,1165 Oak Ave,Los Angeles,CA,Australia,Credit Card,Cancelled,
ORD-1196,CUST-0274,Ashley Jones,ashley.jones@email.com,PROD-3361,Toy Car,Toys,Mattel,36.83,3,110.49,0.0,2024-12-09,182 Second Ave,Seattle,WA,Canada,Apple Pay,Cancelled,23
ORD-2095,CUST-0232,Michelle Davis,michelle.davis@email.com,PROD-4238,Web Development,Books,Wiley,77.25,2,154.5,15.0,2024-07-08,8766 First St,Charlotte,NC,Germany,Bank Transfer,Processing,
ORD-2010,CUST-0243,Andrew Garcia,andrew.garcia@email.com,PROD-6786,Samsung Galaxy S23,Electronics,HP,665.82,2,1331.64,15.0,2024-07-14,5016 Elm St,Chicago,IL,Australia,Apple Pay,Completed,61
ORD-2143,CUST-0010,Andrew Hernandez,andrew.hernandez@email.com,PROD-8082,Sunscreen,Beauty,L'Oreal,8.15,5,40.75,5.0,2025-03-19,5896 Second Ave,Los Angeles,CA,Canada,Apple Pay,Shipped,35
ORD-1364,CUST-0274,Anna Martin,anna.martin@email.com,PROD-7188,Machine Learning,Books,No Starch Press,46.38,2,92.76,,2024-11-01,2501 Elm St,San Antonio,TX,UK,Debit Card,Cancelled,
ORD-1209,CUST-0106,Donald Sanchez,donald.sanchez@email.com,PROD-5156,Python Programming,Books,Pearson,28.29,5,141.45,10.0,2025-02-07,6870 Second Ave,Dallas,TX,Australia,Apple Pay,Cancelled,53
ORD-1983,CUST-0216,Michael Ramirez,michael.ramirez@email.com,PROD-9539,Shampoo,Beauty,Nivea,138.42,2,276.84,0.0,2024-10-29,2968 Second Ave,San Francisco,CA,Germany,Credit Card,Pending,48
ORD-1807,CUST-0272,Jennifer Sanchez,jennifer.sanchez@email.com,PROD-9266,Samsung Galaxy S23,Electronics,Asus,257.11,4,1028.44,0.0,2025-03-14,6428 Second Ave,San Francisco,CA,Germany,Bank Transfer,Completed,66
ORD-1164,CUST-0103,Paul Johnson,paul.johnson@email.com,PROD-5489,Coffee Maker,Home & Garden,Dyson,199.97,4,799.88,25.0,2023-09-26,9832 First St,New York,NY,Canada,PayPal,Cancelled,40
ORD-1423,CUST-0247,Lisa Moore,lisa.moore@email.com,PROD-2466,Jeans,Clothing,Gap,34.51,1,34.51,10.0,2024-06-18,7903 Elm St,Dallas,TX,Canada,Credit Card,Shipped,58
ORD-1964,CUST-0032,Jane Anderson,jane.anderson@email.com,PROD-8146,Perfume,Beauty,Nivea,140.57,2,281.14,20.0,2023-12-20,3439 Oak Ave,Indianapolis,IN,Germany,Debit Card,Cancelled,23
ORD-1157,CUST-0088,Mark Martinez,mark.martinez@email.com,PROD-8716,Coffee Maker,Home & Garden,Dyson,257.32,3,771.96,,2024-11-30,6349 Park Rd,Fort Worth,TX,Canada,PayPal,Cancelled,
ORD-1329,CUST-0206,William Martin,william.martin@email.com,PROD-9458,Sunscreen,Beauty,Nivea,130.5,5,652.5,25.0,2024-09-12,7206 Second Ave,Dallas,TX,Germany,Credit Card,Processing,47
ORD-2197,CUST-0002,Mark Clark,mark.clark@email.com,PROD-2644,Basketball,Sports,Nike,156.04,5,780.2,,2024-09-17,1923 Main St,Columbus,OH,Canada,Bank Transfer,Shipped,27
ORD-1221,CUST-0102,Anthony Jackson,anthony.jackson@email.com,PROD-9364,Yoga Mat,Sports,Wilson,156.5,4,626.0,15.0,2025-02-09,2473 Oak Ave,San Jose,CA,Australia,Bank Transfer,Cancelled,54
ORD-1197,CUST-0177,Robert Wilson,robert.wilson@email.com,PROD-4618,Toy Car,Toys,Hasbro,65.52,3,196.56,5.0,2025-04-09,9105 Main St,Los Angeles,CA,Germany,Bank Transfer,Completed,30
ORD-2001,CUST-0281,Michelle Anderson,michelle.anderson@email.com,PROD-4514,Business Strategy,Books,Pearson,38.33,4,153.32,10.0,2023-08-27,1946 Park Rd,San Diego,CA,USA,PayPal,Processing,73
ORD-1533,CUST-0133,Steven Sanchez,steven.sanchez@email.com,PROD-3859,Puzzle,Toys,Hasbro,23.22,5,116.1,5.0,2023-09-17,7314 Second Ave,Los Angeles,CA,Canada,Bank Transfer,Completed,32
ORD-1295,CUST-0015,Michelle Taylor,michelle.taylor@email.com,PROD-6341,Hoodie,Clothing,H&M,92.53,3,277.59,0.0,2024-04-20,6859 Oak Ave,San Diego,CA,USA,Debit Card,Shipped,
ORD-1199,CUST-0114,Donald White,donald.white@email.com,PROD-6433,Machine Learning,Books,Pearson,71.45,4,285.8,10.0,2024-10-02,1443 Park Rd,Seattle,WA,USA,PayPal,Processing,64
ORD-1368,CUST-0173,Helen Gonzalez,helen.gonzalez@email.com,PROD-9271,Sunscreen,Beauty,Nivea,98.38,4,393.52,5.0,2024-04-20,6811 First St,Chicago,IL,Germany,PayPal,Cancelled,20
ORD-1942,CUST-0152,Andrew Garcia,andrew.garcia@email.com,PROD-5075,Vacuum Cleaner,Home & Garden,,117.58,4,470.32,10.0,2024-07-12,,San Antonio,TX,USA,PayPal,Cancelled,44
ORD-1558,CUST-0139,Matthew Hernandez,matthew.hernandez@email.com,PROD-9573,Business Strategy,Books,Pearson,57.95,5,289.75,10.0,2024-11-04,5509 Elm St,Dallas,TX,Australia,PayPal,Shipped,71
ORD-1653,CUST-0120,John Gonzalez,,PROD-2961,Gaming Mouse,Electronics,Sony,1721.16,1,1721.16,0.0,2023-06-12,4727 Elm St,San Francisco,CA,Germany,Apple Pay,Cancelled,65
ORD-1668,CUST-0147,Robert Wilson,robert.wilson@email.com,PROD-5124,Data Science Handbook,Books,,29.7,2,59.4,,2023-07-26,1089 Second Ave,San Francisco,CA,UK,Debit Card,Completed,75
ORD-1291,CUST-0071,James Clark,james.clark@email.com,PROD-6497,Shorts,Clothing,Nike,26.7,3,80.1,,2024-07-21,7287 Oak Ave,Philadelphia,PA,UK,Apple Pay,Completed,68
ORD-1631,CUST-0206,Steven Lopez,steven.lopez@email.com,PROD-6469,Shorts,Clothing,H&M,80.08,5,400.4,5.0,2024-04-11,1581 Elm St,San Jose,CA,USA,Debit Card,Pending,58
ORD-1990,CUST-0108,Matthew Taylor,matthew.taylor@email.com,PROD-5027,Dining Table,Home & Garden,IKEA,314.63,4,1258.52,0.0,2024-02-28,,Austin,TX,Germany,Credit Card,Processing,73
ORD-1977,CUST-0206,Paul Robinson,paul.robinson@email.com,PROD-3066,Python Programming,Books,Wiley,18.18,3,54.54,15.0,2024-09-23,3020 Oak Ave,Phoenix,AZ,UK,PayPal,Completed,39
ORD-1539,CUST-0216,Matthew Jones,matthew.jones@email.com,PROD-1255,Shampoo,Beauty,Nivea,31.68,4,126.72,20.0,2025-05-20,658 First St,San Francisco,CA,USA,Credit Card,Shipped,26
ORD-1528,CUST-0249,William Williams,william.williams@email.com,PROD-4454,Shorts,Clothing,Levi's,37.71,2,75.42,,2024-01-18,448 First St,Charlotte,NC,Australia,Credit Card,Pending,42
ORD-1097,CUST-0282,Brenda Thomas,brenda.thomas@email.com,PROD-2342,Action Figure,Toys,Hasbro,57.3,5,286.5,0.0,2024-12-20,8381 Oak Ave,Houston,TX,USA,Apple Pay,Processing,38
ORD-1466,CUST-0017,Jennifer Harris,jennifer.harris@email.com,PROD-8444,T-Shirt,Clothing,H&M,117.52,3,352.56,20.0,2024-03-31,4553 Main St,San Diego,CA,Australia,Apple Pay,Cancelled,26
ORD-1848,CUST-0280,David Smith,david.smith@email.com,PROD-9728,Yoga Mat,Sports,Wilson,215.07,2,430.14,15.0,2023-10-10,8737 First St,Dallas,TX,Australia,Apple Pay,Processing,
ORD-1179,CUST-0214,Brenda Jackson,brenda.jackson@email.com,PROD-6876,Tennis Racket,Sports,Adidas,191.18,2,382.36,15.0,2023-09-15,,Columbus,OH,Australia,Bank Transfer,Pending,
ORD-1032,CUST-0028,Kimberly Martinez,kimberly.martinez@email.com,PROD-2681,Hoodie,Clothing,Gap,176.45,5,882.25,15.0,2024-08-16,4236 First St,Austin,TX,Canada,Credit Card,Completed,22
ORD-1837,CUST-0071,Donald Ramirez,donald.ramirez@email.com,PROD-7973,iPhone 14,Electronics,Dell,245.33,3,735.99,0.0,2023-07-31,8056 Elm St,Houston,TX,USA,Debit Card,Completed,20
ORD-1885,CUST-0110,Andrew Harris,andrew.harris@email.com,PROD-3519,iPhone 14,Electronics,Dell,736.0,5,3680.0,15.0,2024-01-05,4962 Oak Ave,Philadelphia,PA,USA,Bank Transfer,Cancelled,66
ORD-1917,CUST-0041,Amanda White,amanda.white@email.com,PROD-4427,Sony Headphones,Electronics,Dell,757.36,3,2272.08,5.0,2024-08-08,8260 Main St,Indianapolis,IN,Australia,Credit Card,Cancelled,28
ORD-1571,CUST-0191,Anthony Gonzalez,anthony.gonzalez@email.com,PROD-6880,MacBook Pro,Electronics,HP,1745.19,1,1745.19,15.0,2024-04-29,5965 Park Rd,Austin,TX,USA,PayPal,Cancelled,66
ORD-1245,CUST-0242,John Hernandez,john.hernandez@email.com,PROD-5238,Yoga Mat,Sports,Adidas,173.66,5,868.3,5.0,2025-05-03,8731 Main St,New York,NY,Australia,Bank Transfer,Shipped,
ORD-1334,CUST-0075,Amanda Thomas,amanda.thomas@email.com,PROD-1571,Board Game,Toys,LEGO,85.73,1,85.73,25.0,2024-01-23,6045 Elm St,Dallas,TX,Germany,Credit Card,Processing,72
ORD-2198,CUST-0093,Emily Moore,emily.moore@email.com,PROD-3549,Sony Headphones,Electronics,Dell,1075.72,3,3227.16,20.0,2025-01-21,,San Jose,CA,USA,Credit Card,Completed,53
ORD-1753,CUST-0115,Daniel Miller,daniel.miller@email.com,PROD-8871,Web Development,Books,Wiley,25.44,2,50.88,,2024-01-18,9139 Second Ave,San Francisco,CA,Australia,PayPal,Completed,41
ORD-1089,CUST-0078,Melissa Thompson,melissa.thompson@email.com,PROD-2021,Basketball,Sports,Spalding,217.62,5,1088.1,10.0,2025-03-31,2937 First St,San Francisco,CA,Germany,Apple Pay,Pending,61
ORD-2002,CUST-0012,Emily Moore,emily.moore@email.com,PROD-1648,Sneakers,Clothing,Zara,185.91,1,185.91,5.0,2024-01-16,,Chicago,IL,Germany,Bank Transfer,Cancelled,18
ORD-1383,CUST-0222,Michael Brown,michael.brown@email.com,PROD-7582,Running Shoes,Sports,Wilson,46.83,4,187.32,20.0,2025-03-28,7114 Second Ave,New York,NY,Australia,Apple Pay,Completed,61
ORD-1366,CUST-0235,David Thompson,david.thompson@email.com,PROD-1535,Running Shoes,Sports,Adidas,229.02,5,1145.1,0.0,2025-01-28,9467 Park Rd,Columbus,OH,USA,Credit Card,Processing,41
ORD-2136,CUST-0190,Christopher Martinez,christopher.martinez@email.com,PROD-5441,Basketball,Sports,Under Armour,129.6,3,388.8,25.0,2024-08-19,6437 Oak Ave,Dallas,TX,Germany,Apple Pay,Shipped,72
ORD-2059,CUST-0100,Steven Harris,steven.harris@email.com,PROD-3675,Sneakers,Clothing,Gap,124.54,2,249.08,,2024-11-23,8920 Elm St,New York,NY,UK,PayPal,Completed,68
ORD-1599,CUST-0221,Anna Lewis,anna.lewis@email.com,PROD-8476,Vacuum Cleaner,Home & Garden,West Elm,496.31,3,1488.93,20.0,2024-02-24,8018 Second Ave,San Francisco,CA,Canada,Bank Transfer,Pending,52
ORD-1579,CUST-0041,David Smith,david.smith@email.com,PROD-8455,Sunscreen,Beauty,MAC,69.75,4,279.0,0.0,2024-10-05,,Charlotte,NC,UK,Apple Pay,Pending,39
ORD-1824,CUST-0084,Robert Ramirez,robert.ramirez@email.com,PROD-3744,LEGO Set,Toys,LEGO,80.13,5,400.65,25.0,2023-06-16,4641 Elm St,Chicago,IL,UK,Apple Pay,Shipped,
ORD-1591,CUST-0037,Helen Wilson,helen.wilson@email.com,PROD-9752,Sunscreen,Beauty,L'Oreal,109.5,4,438.0,25.0,2023-07-23,753 Park Rd,San Jose,CA,Australia,Debit Card,Processing,46
ORD-1530,CUST-0173,Brenda Clark,brenda.clark@email.com,PROD-6587,Toy Car,Toys,Hasbro,75.32,5,376.6,15.0,2023-07-20,4809 Second Ave,Houston,TX,Germany,Debit Card,Cancelled,54
ORD-2047,CUST-0120,Emily Johnson,emily.johnson@email.com,PROD-6683,Board Game,Toys,Hasbro,80.94,5,404.7,20.0,2023-10-18,1473 Park Rd,San Francisco,CA,Canada,Apple Pay,Cancelled,34
ORD-1550,CUST-0106,Steven Lee,steven.lee@email.com,PROD-9844,Basketball,Sports,Wilson,25.58,1,25.58,0.0,2025-05-13,9158 Main St,Austin,TX,UK,Credit Card,Processing,52
ORD-1674,CUST-0144,Kimberly Hernandez,kimberly.hernandez@email.com,PROD-4751,Data Science Handbook,Books,Pearson,59.57,5,297.85,5.0,2024-10-04,1666 First St,San Francisco,CA,USA,PayPal,Processing,51
ORD-1921,CUST-0079,Matthew Harris,matthew.harris@email.com,PROD-8941,Face Cream,Beauty,Neutrogena,119.34,3,358.02,,2024-06-08,2530 Oak Ave,Jacksonville,FL,Canada,PayPal,Cancelled,57
ORD-1536,CUST-0299,Jane Perez,jane.perez@email.com,PROD-4680,Coffee Maker,Home & Garden,IKEA,293.57,5,1467.85,25.0,2024-07-24,8746 Main St,Seattle,WA,USA,Apple Pay,Cancelled,51
ORD-1042,CUST-0277,Paul Smith,paul.smith@email.com,PROD-8887,Action Figure,Toys,Hasbro,29.24,4,116.96,5.0,2024-06-14,7554 Park Rd,New York,NY,Australia,Debit Card,Processing,49
ORD-2089,CUST-0212,Mark Martinez,,PROD-9838,Samsung Galaxy S23,Electronics,Apple,111.32,1,111.32,15.0,2023-10-23,6893 Second Ave,Indianapolis,IN,Canada,PayPal,Pending,71
ORD-1940,CUST-0033,David White,david.white@email.com,PROD-6829,Running Shoes,Sports,Nike,49.86,1,49.86,15.0,2024-04-28,9846 First St,Fort Worth,TX,UK,PayPal,Pending,58
ORD-1244,CUST-0180,Jennifer Clark,jennifer.clark@email.com,PROD-4826,Dining Table,Home & Garden,Cuisinart,119.85,3,359.55,25.0,2023-08-18,2519 Park Rd,Houston,TX,USA,Credit Card,Pending,25
ORD-1060,CUST-0220,Anthony Gonzalez,anthony.gonzalez@email.com,PROD-6322,Bed Sheets,Home & Garden,IKEA,106.64,5,533.2,25.0,2024-05-27,4086 First St,Chicago,IL,Australia,Apple Pay,Cancelled,43
ORD-2076,CUST-0194,Paul Harris,paul.harris@email.com,PROD-8662,Basketball,Sports,Nike,68.43,5,342.15,25.0,2024-02-19,152 Second Ave,Chicago,IL,USA,Bank Transfer,Shipped,39
ORD-1064,CUST-0032,Daniel Brown,daniel.brown@email.com,PROD-3828,Board Game,Toys,LEGO,13.52,4,54.08,20.0,2024-11-08,4734 First St,Philadelphia,PA,UK,Debit Card,Pending,21
ORD-2188,CUST-0160,Mark Lewis,mark.lewis@email.com,PROD-7836,Samsung Galaxy S23,Electronics,Logitech,1713.77,1,1713.77,20.0,2023-06-25,4137 Park Rd,Chicago,IL,Germany,PayPal,Completed,67
ORD-1278,CUST-0241,Anthony White,anthony.white@email.com,PROD-5982,Machine Learning,Books,McGraw-Hill,60.89,5,304.45,25.0,2024-09-18,,Philadelphia,PA,Germany,Bank Transfer,Processing,
ORD-1724,CUST-0078,Melissa Moore,melissa.moore@email.com,PROD-1614,T-Shirt,Clothing,Nike,64.12,4,256.48,5.0,2024-09-13,7630 Park Rd,Philadelphia,PA,Australia,Apple Pay,Pending,34
ORD-1603,CUST-0214,John Harris,john.harris@email.com,PROD-3293,Dell Laptop,Electronics,Dell,1951.22,3,5853.66,,2025-05-13,4293 Park Rd,San Antonio,TX,Canada,Bank Transfer,Completed,68
ORD-1680,CUST-0080,Kimberly Clark,kimberly.clark@email.com,PROD-5273,Jacket,Clothing,Adidas,57.07,1,57.07,20.0,2023-06-16,791 Oak Ave,Los Angeles,CA,Canada,PayPal,Shipped,26
ORD-2170,CUST-0275,Michelle Davis,michelle.davis@email.com,PROD-2064,Dress,Clothing,Nike,61.28,4,245.12,15.0,2023-11-13,9086 Main St,Houston,TX,USA,Apple Pay,Cancelled,
ORD-1307,CUST-0149,Steven Jackson,steven.jackson@email.com,PROD-2841,Toy Car,Toys,Fisher-Price,75.85,1,75.85,,2024-12-07,,Houston,TX,UK,Apple Pay,Shipped,23
ORD-1290,CUST-0026,Andrew Martinez,andrew.martinez@email.com,PROD-2048,Dell Laptop,Electronics,Logitech,1644.71,1,1644.71,,2025-01-21,7083 Park Rd,San Diego,CA,USA,Debit Card,Pending,61
ORD-1815,CUST-0077,Angela Smith,angela.smith@email.com,PROD-5718,Toy Car,Toys,Hasbro,28.82,1,28.82,5.0,2025-05-16,3219 Main St,Seattle,WA,USA,PayPal,Shipped,74
ORD-1598,CUST-0298,Michelle Anderson,michelle.anderson@email.com,PROD-2197,LEGO Set,Toys,Mattel,27.68,1,27.68,15.0,2023-12-11,9902 First St,Houston,TX,Germany,Bank Transfer,Processing,
ORD-1600,CUST-0141,Lisa Moore,lisa.moore@email.com,PROD-3985,Perfume,Beauty,L'Oreal,77.24,3,231.72,20.0,2024-09-15,7178 Elm St,San Francisco,CA,Canada,Bank Transfer,Completed,46
ORD-1271,CUST-0082,Michelle Gonzalez,michelle.gonzalez@email.com,PROD-8133,Shorts,Clothing,Uniqlo,119.93,3,359.79,5.0,2023-11-16,1973 Second Ave,Chicago,IL,Germany,Apple Pay,Cancelled,24
ORD-2004,CUST-0074,Steven Rodriguez,steven.rodriguez@email.com,PROD-8777,Coffee Maker,Home & Garden,West Elm,96.74,4,386.96,20.0,2024-07-12,1380 First St,San Antonio,TX,Canada,Bank Transfer,Shipped,18
ORD-1552,CUST-0155,John Davis,john.davis@email.com,PROD-3026,Shampoo,Beauty,L'Oreal,123.45,4,493.8,5.0,2024-02-23,6905 Main St,Chicago,IL,USA,Credit Card,Processing,27
ORD-1309,CUST-0198,Amanda Smith,amanda.smith@email.com,PROD-2436,Machine Learning,Books,Wiley,25.1,4,100.4,15.0,2024-08-18,7044 Elm St,San Jose,CA,Canada,Debit Card,Shipped,56
ORD-1293,CUST-0020,Jennifer Garcia,jennifer.garcia@email.com,PROD-1075,Running Shoes,Sports,Wilson,176.16,2,352.32,,2024-11-15,8942 Second Ave,Houston,TX,Germany,PayPal,Cancelled,60
ORD-1527,CUST-0279,Robert Thomas,robert.thomas@email.com,PROD-5960,Board Game,Toys,Hasbro,94.73,5,473.65,25.0,2024-01-28,8970 Second Ave,Indianapolis,IN,UK,Credit Card,Completed,44
ORD-1324,CUST-0085,Michelle Wilson,michelle.wilson@email.com,PROD-9038,Perfume,Beauty,Chanel,101.73,5,508.65,15.0,2024-12-18,,Philadelphia,PA,Germany,Bank Transfer,Cancelled,42
ORD-1084,CUST-0215,Ashley Ramirez,ashley.ramirez@email.com,PROD-4111,Board Game,Toys,Playmobil,78.68,4,314.72,15.0,2024-10-14,,San Jose,CA,Australia,Debit Card,Processing,33
ORD-1130,CUST-0220,Paul Miller,paul.miller@email.com,PROD-3140,Machine Learning,Books,McGraw-Hill,49.63,4,198.52,25.0,2023-07-11,7629 Main St,Los Angeles,CA,USA,Credit Card,Shipped,18
ORD-2111,CUST-0048,Kimberly Clark,kimberly.clark@email.com,PROD-4272,Lipstick,Beauty,,104.67,2,209.34,15.0,2023-09-02,9169 Park Rd,Houston,TX,UK,Apple Pay,Completed,69
ORD-1487,CUST-0092,Lisa Jackson,lisa.jackson@email.com,PROD-6682,LEGO Set,Toys,LEGO,53.55,5,267.75,0.0,2023-11-01,3259 Second Ave,Indianapolis,IN,UK,Credit Card,Processing,
ORD-2102,CUST-0044,Michelle Perez,michelle.perez@email.com,PROD-7702,Face Cream,Beauty,Chanel,22.27,5,111.35,10.0,2024-09-25,210 Park Rd,Phoenix,AZ,UK,PayPal,Pending,25
ORD-1943,CUST-0203,Helen Clark,helen.clark@email.com,PROD-6142,iPhone 14,Electronics,Logitech,1435.97,2,2871.94,10.0,2024-06-16,1569 Elm St,Los Angeles,CA,Canada,Debit Card,Cancelled,22
ORD-1261,CUST-0149,Robert Smith,robert.smith@email.com,PROD-7794,Coffee Maker,Home & Garden,Cuisinart,221.67,3,665.01,25.0,2023-12-26,4268 Main St,New York,NY,Canada,Bank Transfer,Pending,38
ORD-1768,CUST-0177,Mark Hernandez,mark.hernandez@email.com,PROD-7639,Sunscreen,Beauty,MAC,61.64,1,61.64,5.0,2024-02-22,6154 Elm St,Indianapolis,IN,Canada,Credit Card,Pending,28
ORD-1951,CUST-0038,Daniel Ramirez,,PROD-4696,Puzzle,Toys,Mattel,63.84,3,191.52,,2025-02-15,5315 Elm St,Dallas,TX,UK,Credit Card,Cancelled,29
ORD-1907,CUST-0127,Paul White,paul.white@email.com,PROD-3658,Python Programming,Books,No Starch Press,20.56,1,20.56,5.0,2023-09-21,,Columbus,OH,Australia,Credit Card,Pending,74
ORD-2099,CUST-0035,Jessica Martinez,,PROD-2104,Perfume,Beauty,Chanel,143.83,3,431.49,25.0,2024-01-10,9340 Main St,Los Angeles,CA,UK,PayPal,Pending,31
ORD-1139,CUST-0256,Anna Jackson,anna.jackson@email.com,PROD-2890,Sneakers,Clothing,Gap,57.25,5,286.25,,2023-06-04,6374 Oak Ave,San Diego,CA,USA,PayPal,Completed,63
ORD-1954,CUST-0006,Anna Lopez,anna.lopez@email.com,PROD-6132,Dining Table,Home & Garden,,115.0,4,460.0,20.0,2025-05-10,3527 Oak Ave,Philadelphia,PA,Australia,Apple Pay,Pending,35
ORD-1142,CUST-0172,John Harris,john.harris@email.com,PROD-4903,Board Game,Toys,LEGO,47.78,1,47.78,5.0,2025-05-20,,Dallas,TX,USA,PayPal,Processing,75
ORD-1666,CUST-0042,Emily Williams,emily.williams@email.com,PROD-4819,iPhone 14,Electronics,Sony,459.93,1,459.93,25.0,2024-11-15,8215 Second Ave,San Antonio,TX,Australia,PayPal,Cancelled,61
ORD-1845,CUST-0287,Andrew Taylor,andrew.taylor@email.com,PROD-8818,Perfume,Beauty,Neutrogena,102.37,1,102.37,20.0,2024-05-20,1548 Second Ave,San Diego,CA,USA,Debit Card,Completed,20
ORD-1395,CUST-0077,Anna Gonzalez,anna.gonzalez@email.com,PROD-8680,Shampoo,Beauty,Chanel,110.6,4,442.4,0.0,2024-04-07,6943 Oak Ave,San Antonio,TX,Australia,Debit Card,Cancelled,19
ORD-1140,CUST-0215,Ashley Hernandez,ashley.hernandez@email.com,PROD-7109,Lipstick,Beauty,MAC,24.95,1,24.95,20.0,2023-07-09,4725 Park Rd,Fort Worth,TX,USA,Bank Transfer,Completed,18
ORD-1742,CUST-0035,Angela Davis,angela.davis@email.com,PROD-7346,Puzzle,Toys,Playmobil,39.0,3,117.0,0.0,2023-06-29,,Charlotte,NC,Canada,Bank Transfer,Completed,41
ORD-1866,CUST-0226,Michelle Taylor,michelle.taylor@email.com,PROD-3823,Gaming Mouse,Electronics,Sony,593.77,3,1781.31,10.0,2024-02-14,,Dallas,TX,Australia,Apple Pay,Shipped,74
ORD-1225,CUST-0289,Melissa Taylor,melissa.taylor@email.com,PROD-4722,Dumbbell Set,Sports,Wilson,245.32,4,981.28,15.0,2024-02-13,,Phoenix,AZ,UK,Apple Pay,Shipped,48
ORD-1614,CUST-0141,Angela Lee,angela.lee@email.com,PROD-1152,Samsung Galaxy S23,Electronics,Asus,299.5,2,599.0,,2024-09-15,3537 Elm St,Los Angeles,CA,USA,Bank Transfer,Pending,70
ORD-1275,CUST-0065,David Smith,david.smith@email.com,PROD-8156,Samsung Galaxy S23,Electronics,HP,1951.2,2,3902.4,,2025-03-10,7074 Second Ave,Columbus,OH,Australia,PayPal,Cancelled,53
ORD-1356,CUST-0248,David Garcia,david.garcia@email.com,PROD-9090,Tennis Racket,Sports,Nike,105.02,2,210.04,0.0,2024-05-24,2962 Second Ave,Dallas,TX,UK,Credit Card,Completed,25
ORD-1888,CUST-0204,Emily Miller,emily.miller@email.com,PROD-6461,Face Cream,Beauty,,136.13,3,408.39,,2024-10-09,9931 Main St,San Jose,CA,USA,PayPal,Completed,24
ORD-1594,CUST-0151,David White,david.white@email.com,PROD-7296,Jeans,Clothing,Levi's,62.6,2,125.2,,2023-12-25,4350 Park Rd,San Jose,CA,Canada,Apple Pay,Processing,57
ORD-1677,CUST-0216,Michael Lopez,michael.lopez@email.com,PROD-3572,Jacket,Clothing,Uniqlo,124.86,3,374.58,,2024-02-27,7527 Park Rd,Charlotte,NC,UK,PayPal,Processing,19
ORD-1590,CUST-0016,Robert Jackson,robert.jackson@email.com,PROD-4964,Hoodie,Clothing,Levi's,162.4,4,649.6,0.0,2025-01-30,1244 Main St,Austin,TX,Canada,Credit Card,Cancelled,48
ORD-1890,CUST-0138,Donald Williams,donald.williams@email.com,PROD-8172,iPhone 14,Electronics,HP,1807.18,5,9035.9,0.0,2023-06-02,931 Main St,Philadelphia,PA,Australia,Bank Transfer,Completed,73
ORD-1744,CUST-0163,Ashley Martinez,ashley.martinez@email.com,PROD-1900,Bed Sheets,Home & Garden,IKEA,471.05,2,942.1,15.0,2023-10-26,1318 Second Ave,Dallas,TX,UK,Bank Transfer,Completed,65
ORD-2041,CUST-0002,James Smith,james.smith@email.com,PROD-3548,Board Game,Toys,Fisher-Price,54.15,5,270.75,0.0,2024-04-14,5358 Elm St,San Francisco,CA,Canada,Credit Card,Shipped,22
ORD-1507,CUST-0178,Jessica Brown,jessica.brown@email.com,PROD-9572,Vacuum Cleaner,Home & Garden,KitchenAid,484.17,5,2420.85,5.0,2024-03-28,,San Francisco,CA,UK,Bank Transfer,Completed,31
ORD-1597,CUST-0291,Matthew Davis,matthew.davis@email.com,PROD-8473,Action Figure,Toys,Hasbro,25.97,5,129.85,10.0,2023-08-24,2271 Second Ave,San Antonio,TX,USA,Bank Transfer,Completed,33
ORD-1310,CUST-0107,Jessica Thomas,jessica.thomas@email.com,PROD-7157,Dumbbell Set,Sports,Nike,44.77,4,179.08,10.0,2024-07-20,9404 Oak Ave,Philadelphia,PA,Germany,PayPal,Shipped,36
ORD-1667,CUST-0032,Daniel Garcia,daniel.garcia@email.com,PROD-9881,Samsung Galaxy S23,Electronics,Samsung,1172.1,2,2344.2,25.0,2023-08-08,3830 Oak Ave,San Antonio,TX,Canada,Debit Card,Processing,44
ORD-2075,CUST-0137,Michael Harris,michael.harris@email.com,PROD-6493,Sneakers,Clothing,Zara,162.28,5,811.4,20.0,2024-02-08,276 Oak Ave,Charlotte,NC,Germany,Bank Transfer,Pending,41
ORD-2173,CUST-0079,John Gonzalez,john.gonzalez@email.com,PROD-6239,iPhone 14,Electronics,,1490.14,5,7450.7,,2023-08-28,3471 Elm St,Fort Worth,TX,Australia,Apple Pay,Shipped,72
ORD-1937,CUST-0125,Paul Thompson,paul.thompson@email.com,PROD-4710,Machine Learning,Books,No Starch Press,50.24,3,150.72,10.0,2023-06-09,3778 Main St,Indianapolis,IN,Germany,Apple Pay,Pending,26
ORD-1868,CUST-0271,Matthew Harris,matthew.harris@email.com,PROD-6153,Toy Car,Toys,LEGO,53.31,2,106.62,0.0,2024-02-27,3910 Main St,Charlotte,NC,Canada,Credit Card,Processing,42
ORD-1412,CUST-0259,Jennifer White,jennifer.white@email.com,PROD-7250,Shorts,Clothing,Gap,94.07,1,94.07,10.0,2025-01-21,2978 Park Rd,Seattle,WA,Canada,Debit Card,Cancelled,36
ORD-1040,CUST-0260,William Clark,,PROD-9023,Lipstick,Beauty,Neutrogena,130.87,4,523.48,10.0,2024-04-27,5372 Oak Ave,Seattle,WA,Germany,PayPal,Processing,72
ORD-1031,CUST-0062,Angela Miller,angela.miller@email.com,PROD-8934,Sunscreen,Beauty,Nivea,47.26,5,236.3,20.0,2025-01-23,4953 Oak Ave,San Jose,CA,USA,Bank Transfer,Shipped,63
ORD-1243,CUST-0101,Kimberly Martin,kimberly.martin@email.com,PROD-8047,Yoga Mat,Sports,,110.56,5,552.8,,2025-04-09,3220 Park Rd,Columbus,OH,Australia,Bank Transfer,Processing,67
ORD-1463,CUST-0043,Anthony Thompson,anthony.thompson@email.com,PROD-1047,Yoga Mat,Sports,Nike,76.92,1,76.92,15.0,2023-10-06,6012 Oak Ave,Houston,TX,USA,Bank Transfer,Cancelled,72
ORD-1137,CUST-0080,Kimberly Hernandez,kimberly.hernandez@email.com,PROD-4910,Face Cream,Beauty,MAC,16.22,1,16.22,0.0,2024-08-29,2977 Main St,Los Angeles,CA,UK,Credit Card,Shipped,28
ORD-2009,CUST-0075,Paul Davis,paul.davis@email.com,PROD-2522,Data Science Handbook,Books,Pearson,55.36,1,55.36,,2023-11-24,1448 Oak Ave,San Antonio,TX,Germany,Credit Card,Processing,65
ORD-1959,CUST-0200,Jessica Martinez,jessica.martinez@email.com,PROD-3911,LEGO Set,Toys,LEGO,61.3,5,306.5,15.0,2024-08-17,5239 Second Ave,Indianapolis,IN,Australia,Bank Transfer,Cancelled,36
ORD-1004,CUST-0237,Christopher Rodriguez,christopher.rodriguez@email.com,PROD-1917,Sunscreen,Beauty,Nivea,40.52,1,40.52,15.0,2024-02-21,9392 Elm St,Chicago,IL,Canada,Bank Transfer,Shipped,43
ORD-1714,CUST-0300,Mark Taylor,mark.taylor@email.com,PROD-6974,Action Figure,Toys,LEGO,14.32,2,28.64,,2023-11-01,920 Park Rd,Chicago,IL,Germany,Credit Card,Processing,46
ORD-2110,CUST-0214,David Miller,david.miller@email.com,PROD-1339,Dress,Clothing,H&M,108.08,5,540.4,15.0,2024-10-03,9248 First St,Los Angeles,CA,Germany,Credit Card,Processing,61
ORD-2053,CUST-0226,Emily Jackson,emily.jackson@email.com,PROD-1088,Kitchen Knife Set,Home & Garden,Cuisinart,281.47,5,1407.35,,2024-07-03,,Austin,TX,UK,Bank Transfer,Processing,70
ORD-1416,CUST-0085,Paul Wilson,paul.wilson@email.com,PROD-7272,Business Strategy,Books,No Starch Press,51.03,4,204.12,25.0,2023-08-22,5742 Oak Ave,Houston,TX,Germany,Bank Transfer,Shipped,43
ORD-1847,CUST-0128,Angela Rodriguez,angela.rodriguez@email.com,PROD-6119,Coffee Maker,Home & Garden,Dyson,97.05,4,388.2,,2024-12-17,2718 Park Rd,Austin,TX,USA,Apple Pay,Shipped,44
ORD-1766,CUST-0276,Mark Lopez,mark.lopez@email.com,PROD-6790,Sunscreen,Beauty,L'Oreal,52.42,1,52.42,20.0,2025-03-14,1493 Second Ave,San Jose,CA,UK,PayPal,Processing,52
ORD-1944,CUST-0097,Jane Martinez,jane.martinez@email.com,PROD-7007,Python Programming,Books,Pearson,76.31,2,152.62,20.0,2025-02-05,3068 First St,Dallas,TX,Australia,Bank Transfer,Shipped,26
ORD-1315,CUST-0059,Melissa Anderson,melissa.anderson@email.com,PROD-8857,Gaming Mouse,Electronics,Samsung,729.01,3,2187.03,,2024-08-17,5091 Main St,Indianapolis,IN,UK,Credit Card,Shipped,62
ORD-1498,CUST-0175,Robert Clark,robert.clark@email.com,PROD-6109,Basketball,Sports,Wilson,218.38,2,436.76,0.0,2023-10-03,7512 Second Ave,San Diego,CA,UK,Apple Pay,Shipped,30
ORD-1320,CUST-0228,Ashley Moore,ashley.moore@email.com,PROD-8794,Puzzle,Toys,Hasbro,94.52,3,283.56,25.0,2024-10-07,1492 Main St,Houston,TX,Australia,PayPal,Cancelled,55
ORD-2189,CUST-0257,Andrew White,andrew.white@email.com,PROD-1982,Business Strategy,Books,McGraw-Hill,24.67,2,49.34,,2023-07-24,1675 First St,San Francisco,CA,Germany,Apple Pay,Completed,52
ORD-1377,CUST-0184,Christopher Garcia,christopher.garcia@email.com,PROD-4162,LEGO Set,Toys,LEGO,50.01,2,100.02,10.0,2025-04-18,5067 Elm St,Jacksonville,FL,Canada,PayPal,Shipped,41
ORD-1006,CUST-0271,William Moore,william.moore@email.com,PROD-9798,iPad Air,Electronics,HP,1514.21,3,4542.63,,2024-08-10,,Philadelphia,PA,Australia,Bank Transfer,Processing,50
ORD-1101,CUST-0236,Amanda Jones,amanda.jones@email.com,PROD-7869,Face Cream,Beauty,L'Oreal,95.32,1,95.32,0.0,2023-09-03,897 Oak Ave,Los Angeles,CA,Australia,Credit Card,Cancelled,52
ORD-2046,CUST-0106,James Miller,james.miller@email.com,PROD-6868,Kitchen Knife Set,Home & Garden,KitchenAid,311.78,2,623.56,15.0,2024-10-20,,San Francisco,CA,Germany,Credit Card,Pending,51
ORD-1788,CUST-0076,Melissa Perez,melissa.perez@email.com,PROD-6648,Toy Car,Toys,Fisher-Price,46.62,1,46.62,5.0,2023-06-07,1709 Elm St,Seattle,WA,Australia,PayPal,Shipped,38
ORD-1630,CUST-0169,Sarah Martinez,sarah.martinez@email.com,PROD-5154,LEGO Set,Toys,Fisher-Price,42.27,3,126.81,5.0,2024-03-01,4411 Oak Ave,Charlotte,NC,USA,PayPal,Processing,53
ORD-1835,CUST-0171,Michael Johnson,michael.johnson@email.com,PROD-9062,Machine Learning,Books,No Starch Press,31.02,4,124.08,25.0,2023-12-10,3077 Park Rd,New York,NY,USA,Apple Pay,Processing,46
ORD-1175,CUST-0155,Melissa Perez,melissa.perez@email.com,PROD-3248,Dumbbell Set,Sports,Under Armour,137.27,1,137.27,20.0,2023-09-20,8254 Oak Ave,San Jose,CA,USA,Apple Pay,Shipped,71
ORD-1585,CUST-0273,Donald Garcia,donald.garcia@email.com,PROD-2288,Web Development,Books,O'Reilly,54.2,5,271.0,0.0,2023-12-21,5266 First St,Indianapolis,IN,UK,Debit Card,Completed,55
ORD-1333,CUST-0161,James Clark,james.clark@email.com,PROD-2751,Vacuum Cleaner,Home & Garden,KitchenAid,108.2,3,324.6,10.0,2025-01-15,1950 Park Rd,Los Angeles,CA,Australia,Apple Pay,Cancelled,33
ORD-1228,CUST-0010,David Johnson,david.johnson@email.com,PROD-3049,Samsung Galaxy S23,Electronics,Apple,1444.63,1,1444.63,5.0,2023-06-07,5204 First St,San Francisco,CA,Canada,Bank Transfer,Cancelled,20
ORD-1430,CUST-0223,David Lee,david.lee@email.com,PROD-9006,T-Shirt,Clothing,Nike,71.0,5,355.0,25.0,2024-06-10,6360 Park Rd,Chicago,IL,Australia,Debit Card,Pending,
ORD-1544,CUST-0105,Jessica Jackson,jessica.jackson@email.com,PROD-5833,Dining Table,Home & Garden,Cuisinart,461.05,1,461.05,15.0,2024-10-09,4662 Elm St,Dallas,TX,USA,Credit Card,Pending,65
ORD-1661,CUST-0011,Michelle Perez,michelle.perez@email.com,PROD-3211,Python Programming,Books,,53.68,4,214.72,0.0,2025-04-06,1461 Park Rd,San Antonio,TX,UK,Apple Pay,Cancelled,
ORD-1406,CUST-0220,Sarah Davis,sarah.davis@email.com,PROD-6182,Machine Learning,Books,,10.84,2,21.68,0.0,2025-03-26,1203 Oak Ave,Dallas,TX,Germany,Debit Card,Pending,49
ORD-1067,CUST-0173,Andrew Harris,andrew.harris@email.com,PROD-3713,Tennis Racket,Sports,Adidas,221.93,1,221.93,25.0,2024-01-21,7455 Oak Ave,Charlotte,NC,Germany,Apple Pay,Shipped,69
ORD-1068,CUST-0100,Amanda Perez,amanda.perez@email.com,PROD-9240,Kitchen Knife Set,Home & Garden,Dyson,275.54,2,551.08,20.0,2023-10-11,6181 Second Ave,Dallas,TX,USA,Credit Card,Processing,36
ORD-1343,CUST-0252,Steven Jones,steven.jones@email.com,PROD-1895,Perfume,Beauty,L'Oreal,40.64,1,40.64,5.0,2025-05-14,8208 Main St,Charlotte,NC,Australia,Debit Card,Pending,53
ORD-1212,CUST-0254,Daniel Smith,daniel.smith@email.com,PROD-9365,Sunscreen,Beauty,MAC,81.25,2,162.5,25.0,2023-06-28,2679 Main St,Jacksonville,FL,Canada,Bank Transfer,Cancelled,43
ORD-1043,CUST-0299,Anthony Taylor,anthony.taylor@email.com,PROD-7485,Data Science Handbook,Books,McGraw-Hill,19.16,3,57.48,0.0,2023-06-01,1738 Main St,Charlotte,NC,Germany,Apple Pay,Shipped,26
ORD-1694,CUST-0252,Jane Thomas,jane.thomas@email.com,PROD-7288,MacBook Pro,Electronics,HP,1518.19,1,1518.19,20.0,2025-02-16,6325 Main St,Jacksonville,FL,Australia,Debit Card,Completed,52
ORD-1669,CUST-0007,Angela Perez,angela.perez@email.com,PROD-2080,Dumbbell Set,Sports,Under Armour,179.38,3,538.14,25.0,2024-09-25,8113 Park Rd,Jacksonville,FL,Australia,Apple Pay,Shipped,28
ORD-1300,CUST-0001,Anna Lee,anna.lee@email.com,PROD-7978,Lipstick,Beauty,,114.91,5,574.55,5.0,2025-04-23,998 Second Ave,Chicago,IL,Germany,Bank Transfer,Completed,41
ORD-1621,CUST-0135,Michael Sanchez,michael.sanchez@email.com,PROD-4722,Face Cream,Beauty,Neutrogena,146.46,1,146.46,,2025-05-21,5130 First St,San Jose,CA,Canada,Debit Card,Processing,23
ORD-1782,CUST-0288,Mark Lewis,mark.lewis@email.com,PROD-1661,Dress,Clothing,Gap,36.43,3,109.29,0.0,2024-11-13,3989 First St,Charlotte,NC,Canada,Apple Pay,Processing,20
ORD-2094,CUST-0158,Jane Lopez,jane.lopez@email.com,PROD-2297,Perfume,Beauty,MAC,107.39,4,429.56,10.0,2025-04-17,4556 Second Ave,New York,NY,Canada,Apple Pay,Shipped,73
ORD-1452,CUST-0086,Jennifer Rodriguez,jennifer.rodriguez@email.com,PROD-1997,Sneakers,Clothing,Nike,161.96,2,323.92,15.0,2024-10-10,2811 First St,Seattle,WA,Germany,Apple Pay,Cancelled,42
ORD-1863,CUST-0220,William Martinez,william.martinez@email.com,PROD-4225,Web Development,Books,McGraw-Hill,69.19,1,69.19,,2023-12-07,8902 Second Ave,Phoenix,AZ,Australia,Debit Card,Processing,23
ORD-2157,CUST-0119,Mark Martinez,mark.martinez@email.com,PROD-5783,Lipstick,Beauty,MAC,45.4,4,181.6,10.0,2023-06-17,7100 Park Rd,San Diego,CA,Australia,Credit Card,Completed,26
ORD-1821,CUST-0002,Emily Jackson,emily.jackson@email.com,PROD-8677,Samsung Galaxy S23,Electronics,Apple,1531.5,4,6126.0,5.0,2024-10-06,9247 Second Ave,Austin,TX,Canada,PayPal,Shipped,69
ORD-1595,CUST-0177,Mark Jones,mark.jones@email.com,PROD-8951,Dumbbell Set,Sports,Under Armour,201.55,5,1007.75,15.0,2024-06-14,5167 Oak Ave,New York,NY,USA,PayPal,Shipped,67
ORD-1480,CUST-0192,Emily Moore,emily.moore@email.com,PROD-8168,Tennis Racket,Sports,Spalding,197.55,5,987.75,0.0,2023-08-20,6838 Main St,Houston,TX,USA,Debit Card,Processing,24
ORD-2139,CUST-0213,Christopher Lopez,christopher.lopez@email.com,PROD-5957,Samsung Galaxy S23,Electronics,Samsung,557.02,5,2785.1,15.0,2024-03-21,3404 Oak Ave,New York,NY,Canada,Apple Pay,Cancelled,45
ORD-1651,CUST-0258,Steven Miller,steven.miller@email.com,PROD-3503,Lipstick,Beauty,L'Oreal,56.47,3,169.41,10.0,2024-09-07,2608 Park Rd,San Antonio,TX,USA,Apple Pay,Completed,58
ORD-1941,CUST-0242,John Moore,john.moore@email.com,PROD-2127,LEGO Set,Toys,Playmobil,33.5,3,100.5,5.0,2024-02-12,1486 Main St,Austin,TX,Australia,PayPal,Processing,21
ORD-1274,CUST-0287,Paul Lopez,paul.lopez@email.com,PROD-7460,Python Programming,Books,Pearson,53.77,4,215.08,15.0,2024-12-01,3183 Second Ave,San Antonio,TX,Canada,Debit Card,Pending,27
ORD-1969,CUST-0105,Jessica Martin,jessica.martin@email.com,PROD-5471,Yoga Mat,Sports,Wilson,207.93,1,207.93,25.0,2024-03-23,468 First St,Phoenix,AZ,Germany,Bank Transfer,Cancelled,57
ORD-1238,CUST-0167,Anna Lopez,anna.lopez@email.com,PROD-9940,Perfume,Beauty,MAC,38.38,5,191.9,10.0,2024-05-25,103 Elm St,Charlotte,NC,Australia,Credit Card,Pending,51
ORD-1440,CUST-0041,Michael White,michael.white@email.com,PROD-5684,Samsung Galaxy S23,Electronics,,1130.61,4,4522.44,0.0,2024-07-30,8537 Elm St,Indianapolis,IN,Canada,Apple Pay,Completed,57
ORD-1003,CUST-0186,Anthony Miller,anthony.miller@email.com,PROD-2308,iPad Air,Electronics,Samsung,1717.87,1,1717.87,15.0,2025-03-03,3532 Elm St,Jacksonville,FL,Canada,Bank Transfer,Completed,28
ORD-1007,CUST-0153,Paul Lee,paul.lee@email.com,PROD-9838,Jeans,Clothing,Zara,191.4,5,957.0,20.0,2024-04-18,6047 Park Rd,San Francisco,CA,USA,PayPal,Completed,54
ORD-1312,CUST-0062,Steven Rodriguez,steven.rodriguez@email.com,PROD-8873,Sony Headphones,Electronics,HP,1152.87,3,3458.61,15.0,2025-05-02,9525 Main St,Houston,TX,UK,Bank Transfer,Shipped,27
ORD-2048,CUST-0161,Robert Perez,robert.perez@email.com,PROD-8761,Web Development,Books,,45.01,4,180.04,10.0,2024-05-09,1361 Second Ave,Dallas,TX,Canada,Credit Card,Shipped,51
ORD-1586,CUST-0181,Anthony Wilson,anthony.wilson@email.com,PROD-9041,LEGO Set,Toys,Mattel,99.07,4,396.28,5.0,2024-06-13,3562 Main St,Houston,TX,USA,Apple Pay,Pending,28
ORD-1534,CUST-0133,William Smith,william.smith@email.com,PROD-4846,Board Game,Toys,Playmobil,41.48,1,41.48,0.0,2024-10-27,9444 Park Rd,Chicago,IL,Canada,Debit Card,Completed,74
ORD-1632,CUST-0196,Robert Rodriguez,robert.rodriguez@email.com,PROD-6923,Bed Sheets,Home & Garden,Dyson,383.52,2,767.04,0.0,2023-12-03,9282 Park Rd,San Jose,CA,Germany,Apple Pay,Processing,57
ORD-1216,CUST-0098,Michelle White,michelle.white@email.com,PROD-4323,Shampoo,Beauty,MAC,126.56,5,632.8,0.0,2023-09-22,8971 Main St,Chicago,IL,Australia,Debit Card,Pending,49
ORD-1454,CUST-0143,Brenda Jones,brenda.jones@email.com,PROD-4441,LEGO Set,Toys,Hasbro,58.11,1,58.11,25.0,2025-01-31,9099 Park Rd,Jacksonville,FL,UK,PayPal,Cancelled,36
ORD-1028,CUST-0007,Anna Wilson,anna.wilson@email.com,PROD-8533,Dell Laptop,Electronics,Dell,1429.25,4,5717.0,20.0,2025-03-19,8917 First St,Dallas,TX,Germany,Debit Card,Cancelled,55
ORD-2177,CUST-0185,Emily Martin,emily.martin@email.com,PROD-2510,Sneakers,Clothing,H&M,76.9,2,153.8,15.0,2024-06-05,4482 First St,Austin,TX,Germany,Debit Card,Shipped,33
ORD-1804,CUST-0096,Lisa Lee,lisa.lee@email.com,PROD-6905,Python Programming,Books,McGraw-Hill,62.89,4,251.56,20.0,2024-04-26,,Charlotte,NC,Germany,Credit Card,Shipped,52
ORD-1391,CUST-0034,Emily Taylor,emily.taylor@email.com,PROD-8607,Sunscreen,Beauty,MAC,33.42,3,100.26,15.0,2024-10-10,9667 Elm St,San Francisco,CA,UK,Credit Card,Shipped,30
ORD-2139,CUST-0213,Christopher Lopez,christopher.lopez@email.com,PROD-5957,Samsung Galaxy S23,Electronics,Samsung,557.02,5,2785.1,15.0,2024-03-21,3404 Oak Ave,New York,NY,Canada,Apple Pay,Cancelled,45
ORD-1491,CUST-0038,Robert Perez,robert.perez@email.com,PROD-6220,Shorts,Clothing,Zara,142.33,3,426.99,20.0,2024-04-16,,San Diego,CA,Germany,Bank Transfer,Processing,31
ORD-2040,CUST-0039,Paul Smith,paul.smith@email.com,PROD-2168,T-Shirt,Clothing,Adidas,84.76,3,254.28,25.0,2024-12-06,4115 Oak Ave,Fort Worth,TX,UK,Apple Pay,Pending,53
ORD-1760,CUST-0069,Jane Brown,jane.brown@email.com,PROD-5909,Shampoo,Beauty,MAC,126.53,4,506.12,0.0,2023-11-01,,San Francisco,CA,Australia,Bank Transfer,Completed,61
ORD-1555,CUST-0049,Kimberly Garcia,kimberly.garcia@email.com,PROD-7606,Dining Table,Home & Garden,Cuisinart,317.83,4,1271.32,20.0,2024-01-16,5202 Elm St,Los Angeles,CA,Australia,Bank Transfer,Shipped,
ORD-1355,CUST-0148,Angela Miller,angela.miller@email.com,PROD-6557,Vacuum Cleaner,Home & Garden,West Elm,462.82,4,1851.28,,2024-03-18,6002 First St,Fort Worth,TX,Australia,PayPal,Processing,62
ORD-2069,CUST-0007,Jennifer Thompson,jennifer.thompson@email.com,PROD-7716,Vacuum Cleaner,Home & Garden,,214.29,3,642.87,10.0,2023-07-15,1193 First St,Jacksonville,FL,Australia,Bank Transfer,Completed,
ORD-1931,CUST-0174,Donald Jackson,donald.jackson@email.com,PROD-7888,Basketball,Sports,Spalding,118.68,2,237.36,25.0,2024-12-28,1602 Elm St,San Jose,CA,Canada,Debit Card,Pending,19
ORD-1257,CUST-0256,Kimberly Sanchez,,PROD-8795,Vacuum Cleaner,Home & Garden,Cuisinart,240.53,4,962.12,,2025-01-26,4656 Second Ave,New York,NY,Canada,Apple Pay,Shipped,
ORD-1292,CUST-0193,Steven Garcia,,PROD-2461,Coffee Maker,Home & Garden,,360.7,5,1803.5,15.0,2025-05-02,4539 Second Ave,San Francisco,CA,Canada,Debit Card,Cancelled,29
ORD-1026,CUST-0027,Amanda Davis,amanda.davis@email.com,PROD-4267,LEGO Set,Toys,LEGO,85.53,5,427.65,5.0,2024-09-18,7719 Elm St,Houston,TX,Germany,Bank Transfer,Pending,56
ORD-1337,CUST-0057,Emily Davis,emily.davis@email.com,PROD-6234,Action Figure,Toys,Playmobil,50.63,2,101.26,25.0,2025-01-19,6891 Park Rd,Austin,TX,UK,PayPal,Cancelled,71
ORD-2078,CUST-0211,Angela Brown,angela.brown@email.com,PROD-4478,Dining Table,Home & Garden,West Elm,242.09,4,968.36,0.0,2024-11-28,4300 First St,Charlotte,NC,UK,Debit Card,Shipped,42
ORD-1048,CUST-0288,James Robinson,james.robinson@email.com,PROD-5952,Face Cream,Beauty,Chanel,100.19,1,100.19,,2023-06-30,3946 Second Ave,San Jose,CA,Australia,PayPal,Cancelled,60
ORD-1319,CUST-0264,Ashley Wilson,ashley.wilson@email.com,PROD-3227,Python Programming,Books,Wiley,44.71,3,134.13,20.0,2023-07-03,6404 Park Rd,Chicago,IL,UK,Debit Card,Processing,61
ORD-1107,CUST-0292,Paul Davis,paul.davis@email.com,PROD-9006,Lipstick,Beauty,MAC,145.24,4,580.96,25.0,2024-05-17,8100 Oak Ave,Philadelphia,PA,Canada,Apple Pay,Completed,71
ORD-1827,CUST-0110,Jane Martinez,jane.martinez@email.com,PROD-1220,Kitchen Knife Set,Home & Garden,Dyson,338.66,4,1354.64,25.0,2024-03-26,4721 Oak Ave,Indianapolis,IN,USA,Credit Card,Completed,68
ORD-1056,CUST-0143,Anthony Davis,anthony.davis@email.com,PROD-1431,Toy Car,Toys,Playmobil,64.81,3,194.43,,2024-02-26,3072 Oak Ave,San Jose,CA,UK,Apple Pay,Cancelled,
ORD-1542,CUST-0266,Andrew Taylor,andrew.taylor@email.com,PROD-6220,Puzzle,Toys,Mattel,78.16,2,156.32,,2023-12-24,5250 Main St,Columbus,OH,Germany,Bank Transfer,Pending,36
ORD-1214,CUST-0151,James Brown,james.brown@email.com,PROD-8255,Business Strategy,Books,No Starch Press,77.62,5,388.1,5.0,2024-05-04,548 First St,Charlotte,NC,Australia,Credit Card,Pending,
ORD-1121,CUST-0232,James Williams,james.williams@email.com,PROD-2792,LEGO Set,Toys,LEGO,70.94,2,141.88,25.0,2024-01-27,5522 Second Ave,Indianapolis,IN,Canada,Debit Card,Cancelled,43
ORD-1584,CUST-0114,Ashley Smith,ashley.smith@email.com,PROD-8548,T-Shirt,Clothing,Levi's,123.76,5,618.8,15.0,2024-09-21,5337 Park Rd,Seattle,WA,USA,Debit Card,Shipped,65
ORD-1439,CUST-0137,Jane Robinson,jane.robinson@email.com,PROD-8501,Data Science Handbook,Books,No Starch Press,22.82,3,68.46,20.0,2024-03-11,3848 Park Rd,Dallas,TX,Australia,Credit Card,Pending,38
ORD-1562,CUST-0242,James Martinez,james.martinez@email.com,PROD-7317,Samsung Galaxy S23,Electronics,Logitech,1427.18,3,4281.54,20.0,2024-04-11,3604 Oak Ave,Indianapolis,IN,USA,Bank Transfer,Shipped,53
ORD-1073,CUST-0298,Angela Harris,angela.harris@email.com,PROD-3869,MacBook Pro,Electronics,Logitech,1669.25,4,6677.0,15.0,2025-02-27,,Philadelphia,PA,Canada,Debit Card,Completed,20
ORD-1715,CUST-0073,Anna Wilson,anna.wilson@email.com,PROD-9529,Jeans,Clothing,H&M,27.35,1,27.35,20.0,2025-03-23,7034 Oak Ave,Philadelphia,PA,UK,PayPal,Completed,30
ORD-1772,CUST-0221,Robert Brown,robert.brown@email.com,PROD-1669,Board Game,Toys,LEGO,83.98,3,251.94,25.0,2024-06-25,6222 Park Rd,Philadelphia,PA,UK,Credit Card,Shipped,32
ORD-1523,CUST-0017,James Wilson,james.wilson@email.com,PROD-6401,Python Programming,Books,Pearson,74.69,1,74.69,0.0,2024-12-20,6919 Second Ave,Los Angeles,CA,UK,Apple Pay,Completed,48
ORD-2084,CUST-0008,Michelle Miller,michelle.miller@email.com,PROD-9339,Basketball,Sports,Adidas,255.01,1,255.01,20.0,2024-11-22,2621 First St,Philadelphia,PA,Australia,Bank Transfer,Shipped,32
ORD-1925,CUST-0055,Steven Martin,steven.martin@email.com,PROD-3528,Sneakers,Clothing,Levi's,147.71,2,295.42,10.0,2024-07-10,5630 Oak Ave,Los Angeles,CA,Australia,Bank Transfer,Completed,33
ORD-1960,CUST-0205,Angela Martinez,angela.martinez@email.com,PROD-4567,Sony Headphones,Electronics,Sony,627.58,2,1255.16,,2023-10-14,3267 Oak Ave,Columbus,OH,Canada,Credit Card,Pending,20
ORD-1573,CUST-0206,Anthony Smith,anthony.smith@email.com,PROD-9587,Sneakers,Clothing,Levi's,51.72,5,258.6,5.0,2025-04-01,5167 Oak Ave,Austin,TX,USA,Bank Transfer,Cancelled,47
ORD-1583,CUST-0224,William White,william.white@email.com,PROD-7532,Sneakers,Clothing,Levi's,183.3,3,549.9,15.0,2023-12-21,4601 Park Rd,New York,NY,Australia,Debit Card,Processing,58
ORD-1459,CUST-0279,Jessica Brown,jessica.brown@email.com,PROD-4676,Puzzle,Toys,,12.16,4,48.64,10.0,2025-03-24,6403 Elm St,San Jose,CA,Canada,Credit Card,Cancelled,25
ORD-2137,CUST-0228,David Miller,david.miller@email.com,PROD-3306,iPhone 14,Electronics,Asus,863.5,4,3454.0,0.0,2023-09-01,5320 Elm St,Columbus,OH,UK,Debit Card,Processing,35
ORD-1326,CUST-0126,Ashley Davis,ashley.davis@email.com,PROD-2876,Running Shoes,Sports,Nike,114.53,1,114.53,0.0,2024-09-05,7000 Park Rd,Columbus,OH,Germany,Credit Card,Cancelled,38
ORD-2003,CUST-0144,Michael Smith,michael.smith@email.com,PROD-5459,Perfume,Beauty,Neutrogena,22.16,2,44.32,10.0,2024-01-23,,Seattle,WA,USA,Debit Card,Processing,58
ORD-1980,CUST-0275,Mark Moore,mark.moore@email.com,PROD-6264,Dumbbell Set,Sports,Under Armour,175.16,2,350.32,25.0,2024-03-30,5222 Main St,Philadelphia,PA,UK,Debit Card,Completed,38
ORD-1317,CUST-0155,Lisa Smith,lisa.smith@email.com,PROD-4278,LEGO Set,Toys,Playmobil,26.63,3,79.89,,2023-10-19,2730 Second Ave,Dallas,TX,Germany,Apple Pay,Shipped,22
ORD-2067,CUST-0261,William Gonzalez,william.gonzalez@email.com,PROD-4551,Sunscreen,Beauty,Nivea,130.44,3,391.32,0.0,2025-01-11,2928 Oak Ave,Fort Worth,TX,Canada,Bank Transfer,Completed,52
ORD-1858,CUST-0215,James Thompson,james.thompson@email.com,PROD-6686,Dell Laptop,Electronics,HP,496.36,1,496.36,,2025-04-13,2040 Oak Ave,Columbus,OH,Canada,PayPal,Pending,66
ORD-1702,CUST-0222,Jane Ramirez,jane.ramirez@email.com,PROD-7123,Coffee Maker,Home & Garden,Cuisinart,210.62,5,1053.1,5.0,2023-09-30,8448 First St,San Francisco,CA,Germany,PayPal,Shipped,36
ORD-1709,CUST-0058,James Martin,james.martin@email.com,PROD-5371,Web Development,Books,Pearson,74.95,3,224.85,5.0,2023-06-15,3702 Oak Ave,Seattle,WA,Germany,Debit Card,Shipped,19
ORD-2043,CUST-0190,Steven Rodriguez,steven.rodriguez@email.com,PROD-2060,Kitchen Knife Set,Home & Garden,,234.73,1,234.73,0.0,2024-10-16,4418 Elm St,Charlotte,NC,USA,Debit Card,Processing,66
ORD-1537,CUST-0138,Robert Clark,robert.clark@email.com,PROD-6931,Sneakers,Clothing,Adidas,57.71,3,173.13,0.0,2025-05-01,6816 Park Rd,San Diego,CA,Australia,Credit Card,Pending,22
ORD-1567,CUST-0102,Donald Taylor,donald.taylor@email.com,PROD-6746,Face Cream,Beauty,MAC,24.72,4,98.88,25.0,2023-08-19,1583 Oak Ave,Charlotte,NC,USA,Credit Card,Shipped,58
ORD-1061,CUST-0174,Ashley Hernandez,ashley.hernandez@email.com,PROD-9356,Sony Headphones,Electronics,HP,428.11,3,1284.33,25.0,2023-10-21,3332 Oak Ave,San Diego,CA,USA,Apple Pay,Shipped,59
ORD-1747,CUST-0003,Sarah Lewis,sarah.lewis@email.com,PROD-5331,Bed Sheets,Home & Garden,KitchenAid,100.43,5,502.15,5.0,2023-08-14,9422 Elm St,Austin,TX,Canada,Credit Card,Completed,64
ORD-1093,CUST-0165,Jessica Lee,jessica.lee@email.com,PROD-1612,LEGO Set,Toys,Playmobil,92.19,2,184.38,5.0,2023-06-29,4842 Main St,Fort Worth,TX,Australia,Credit Card,Pending,24
ORD-1889,CUST-0260,Christopher Brown,christopher.brown@email.com,PROD-5833,Face Cream,Beauty,Nivea,107.99,4,431.96,0.0,2025-04-25,6753 Elm St,Philadelphia,PA,Canada,Apple Pay,Pending,38
ORD-1426,CUST-0114,Sarah Gonzalez,,PROD-5864,Puzzle,Toys,Mattel,85.35,4,341.4,5.0,2025-01-27,662 Second Ave,San Jose,CA,Canada,Bank Transfer,Pending,62
ORD-1352,CUST-0070,John Miller,john.miller@email.com,PROD-4429,iPad Air,Electronics,Samsung,988.18,2,1976.36,15.0,2025-02-22,7692 Oak Ave,Seattle,WA,Canada,Debit Card,Cancelled,
ORD-1967,CUST-0190,Paul Jackson,paul.jackson@email.com,PROD-5365,Sunscreen,Beauty,Neutrogena,43.13,1,43.13,15.0,2025-02-02,8343 Elm St,Charlotte,NC,Australia,Credit Card,Pending,44
ORD-1281,CUST-0238,Christopher Thomas,christopher.thomas@email.com,PROD-7391,Sunscreen,Beauty,Nivea,75.39,2,150.78,15.0,2023-06-04,5272 Second Ave,San Jose,CA,Australia,Credit Card,Completed,58
ORD-1678,CUST-0168,Kimberly Thomas,kimberly.thomas@email.com,PROD-8115,Web Development,Books,,55.24,4,220.96,20.0,2023-06-27,9414 Main St,San Jose,CA,UK,Apple Pay,Completed,63
ORD-1431,CUST-0060,Michael Brown,michael.brown@email.com,PROD-8857,Sunscreen,Beauty,,46.87,1,46.87,5.0,2024-06-19,2151 Main St,San Francisco,CA,Australia,Bank Transfer,Completed,73
ORD-1360,CUST-0265,Helen Perez,helen.perez@email.com,PROD-9477,Dell Laptop,Electronics,Samsung,1890.1,1,1890.1,15.0,2023-11-07,707 Elm St,Columbus,OH,USA,PayPal,Processing,
ORD-1761,CUST-0216,Sarah Williams,sarah.williams@email.com,PROD-8121,T-Shirt,Clothing,Adidas,57.41,2,114.82,20.0,2025-05-22,9794 Second Ave,Seattle,WA,Germany,Bank Transfer,Cancelled,56
ORD-1568,CUST-0087,Helen Smith,helen.smith@email.com,PROD-5043,Web Development,Books,O'Reilly,31.54,2,63.08,25.0,2023-10-05,4803 Oak Ave,San Jose,CA,USA,Bank Transfer,Shipped,44
ORD-1862,CUST-0273,Jane Anderson,jane.anderson@email.com,PROD-9423,Action Figure,Toys,Mattel,25.73,2,51.46,,2024-12-13,4248 Park Rd,San Diego,CA,Germany,Bank Transfer,Completed,
ORD-1546,CUST-0113,Lisa Miller,lisa.miller@email.com,PROD-9139,Jacket,Clothing,Gap,67.28,2,134.56,0.0,2024-11-01,8139 Second Ave,San Antonio,TX,USA,Apple Pay,Shipped,20
ORD-1514,CUST-0248,Emily Clark,emily.clark@email.com,PROD-8195,Toy Car,Toys,Mattel,87.34,5,436.7,,2023-10-19,4043 Oak Ave,New York,NY,Canada,Apple Pay,Processing,48
ORD-1775,CUST-0063,Christopher White,christopher.white@email.com,PROD-8451,Shorts,Clothing,Nike,112.35,1,112.35,20.0,2023-12-12,3343 First St,San Diego,CA,Germany,PayPal,Shipped,38
ORD-1183,CUST-0287,Steven Martin,steven.martin@email.com,PROD-4634,Lipstick,Beauty,Chanel,8.31,3,24.93,10.0,2024-12-03,850 Oak Ave,Indianapolis,IN,UK,Debit Card,Shipped,65
ORD-1997,CUST-0131,William Williams,william.williams@email.com,PROD-2718,Perfume,Beauty,,96.53,4,386.12,10.0,2025-03-02,5008 First St,San Antonio,TX,UK,Bank Transfer,Completed,25
ORD-2045,CUST-0202,Lisa Taylor,lisa.taylor@email.com,PROD-5920,Jacket,Clothing,Adidas,199.45,4,797.8,10.0,2023-10-09,6280 Elm St,New York,NY,Australia,PayPal,Shipped,22
ORD-1111,CUST-0291,Michelle Rodriguez,,PROD-1540,iPad Air,Electronics,Dell,399.74,3,1199.22,,2023-12-21,5003 Oak Ave,Phoenix,AZ,Australia,Apple Pay,Shipped,72
ORD-1371,CUST-0196,William Williams,william.williams@email.com,PROD-3993,Sony Headphones,Electronics,Samsung,548.33,1,548.33,15.0,2025-04-16,5429 Oak Ave,Philadelphia,PA,USA,Credit Card,Completed,24
ORD-1240,CUST-0154,Michael Jackson,michael.jackson@email.com,PROD-8906,Hoodie,Clothing,Nike,46.99,5,234.95,0.0,2025-01-21,9541 First St,San Jose,CA,USA,Credit Card,Completed,39
ORD-1733,CUST-0026,Jane Clark,jane.clark@email.com,PROD-8595,Web Development,Books,Pearson,56.08,4,224.32,10.0,2024-08-25,7019 Elm St,Phoenix,AZ,UK,Bank Transfer,Processing,29
ORD-2164,CUST-0017,David Sanchez,david.sanchez@email.com,PROD-4608,Jeans,Clothing,Uniqlo,64.7,5,323.5,0.0,2023-12-22,6997 First St,Charlotte,NC,Australia,Bank Transfer,Processing,24
ORD-1615,CUST-0089,Emily Robinson,emily.robinson@email.com,PROD-3976,Hoodie,Clothing,Gap,82.54,1,82.54,0.0,2024-10-13,6214 Park Rd,San Antonio,TX,UK,Apple Pay,Pending,
ORD-1205,CUST-0263,Jane Lewis,jane.lewis@email.com,PROD-9465,Samsung Galaxy S23,Electronics,Dell,1918.56,5,9592.8,25.0,2023-06-11,7823 First St,San Jose,CA,USA,PayPal,Shipped,56
ORD-1856,CUST-0298,William Garcia,,PROD-8126,Kitchen Knife Set,Home & Garden,Dyson,229.89,4,919.56,,2024-08-11,,Dallas,TX,Canada,Bank Transfer,Pending,41
ORD-1262,CUST-0059,Lisa Hernandez,lisa.hernandez@email.com,PROD-3878,Sunscreen,Beauty,Neutrogena,35.55,3,106.65,15.0,2024-09-19,7646 Second Ave,Los Angeles,CA,Canada,Bank Transfer,Cancelled,44
ORD-2051,CUST-0300,Anna Sanchez,anna.sanchez@email.com,PROD-1228,Samsung Galaxy S23,Electronics,HP,236.53,3,709.59,15.0,2024-02-22,,San Francisco,CA,USA,Apple Pay,Completed,46
ORD-1672,CUST-0223,Anna Garcia,anna.garcia@email.com,PROD-2097,Face Cream,Beauty,MAC,143.32,4,573.28,5.0,2024-01-18,6921 First St,Indianapolis,IN,Australia,Credit Card,Pending,39
ORD-1340,CUST-0135,Ashley Martin,ashley.martin@email.com,PROD-8507,Sneakers,Clothing,Levi's,30.86,4,123.44,,2024-04-18,7035 Elm St,Fort Worth,TX,Canada,Apple Pay,Pending,
ORD-1740,CUST-0173,Sarah Taylor,sarah.taylor@email.com,PROD-8885,Toy Car,Toys,Fisher-Price,70.12,3,210.36,10.0,2023-08-25,3201 Second Ave,Jacksonville,FL,Canada,Bank Transfer,Completed,57
ORD-1833,CUST-0129,Daniel Wilson,,PROD-9425,Sony Headphones,Electronics,Apple,289.14,2,578.28,,2024-07-18,6631 Park Rd,Seattle,WA,Canada,Credit Card,Cancelled,51
ORD-1494,CUST-0155,William Hernandez,william.hernandez@email.com,PROD-9091,Coffee Maker,Home & Garden,West Elm,315.85,4,1263.4,15.0,2024-10-09,1783 Main St,Houston,TX,UK,PayPal,Completed,26
ORD-1184,CUST-0055,William Martin,william.martin@email.com,PROD-4123,Gaming Mouse,Electronics,Sony,1447.74,1,1447.74,0.0,2025-03-01,9755 Second Ave,Houston,TX,Australia,PayPal,Cancelled,
ORD-1138,CUST-0178,Matthew Taylor,matthew.taylor@email.com,PROD-5404,Lipstick,Beauty,Nivea,112.08,1,112.08,0.0,2024-04-30,4408 Elm St,Columbus,OH,UK,Apple Pay,Completed,50
ORD-2180,CUST-0215,Robert White,robert.white@email.com,PROD-5696,Sneakers,Clothing,Zara,91.0,3,273.0,15.0,2024-01-30,6543 Elm St,New York,NY,Australia,Apple Pay,Shipped,48
ORD-1731,CUST-0261,Jessica Martinez,jessica.martinez@email.com,PROD-4853,Puzzle,Toys,Fisher-Price,81.48,3,244.44,5.0,2024-01-24,702 Main St,Charlotte,NC,Canada,Credit Card,Processing,27
ORD-1655,CUST-0211,Donald Lewis,donald.lewis@email.com,PROD-6783,Jacket,Clothing,Adidas,53.5,4,214.0,15.0,2024-09-05,7694 Park Rd,Charlotte,NC,Australia,Bank Transfer,Pending,26
ORD-1081,CUST-0041,William Miller,william.miller@email.com,PROD-9741,Dumbbell Set,Sports,Adidas,46.16,2,92.32,20.0,2023-10-27,5631 Second Ave,Philadelphia,PA,Germany,Credit Card,Completed,
ORD-1520,CUST-0045,Anthony Smith,anthony.smith@email.com,PROD-3303,Face Cream,Beauty,,134.85,3,404.55,20.0,2024-12-02,8753 First St,Chicago,IL,UK,PayPal,Shipped,48
ORD-1819,CUST-0110,Angela Wilson,angela.wilson@email.com,PROD-2235,iPad Air,Electronics,Sony,1298.7,2,2597.4,5.0,2024-01-20,4106 Second Ave,Philadelphia,PA,UK,Apple Pay,Shipped,37
ORD-1814,CUST-0018,Matthew Miller,matthew.miller@email.com,PROD-5652,Dining Table,Home & Garden,Cuisinart,169.05,5,845.25,15.0,2024-06-21,3738 First St,San Francisco,CA,Canada,Debit Card,Cancelled,36
ORD-1047,CUST-0209,Michelle Moore,michelle.moore@email.com,PROD-1283,Perfume,Beauty,Chanel,21.21,2,42.42,5.0,2024-03-31,5732 First St,Jacksonville,FL,Australia,Apple Pay,Pending,47
ORD-1472,CUST-0152,Emily Williams,emily.williams@email.com,PROD-8549,Machine Learning,Books,,28.06,4,112.24,15.0,2025-03-18,8099 Main St,Phoenix,AZ,USA,Bank Transfer,Pending,72
ORD-1166,CUST-0005,Ashley Rodriguez,ashley.rodriguez@email.com,PROD-6714,Machine Learning,Books,Wiley,42.13,2,84.26,25.0,2024-11-06,8480 Elm St,Fort Worth,TX,Germany,Bank Transfer,Processing,56
ORD-1249,CUST-0169,Daniel Moore,daniel.moore@email.com,PROD-4315,Shampoo,Beauty,Neutrogena,130.49,3,391.47,20.0,2023-10-08,9354 Oak Ave,Columbus,OH,Canada,Bank Transfer,Completed,64
ORD-1308,CUST-0100,Anthony Taylor,anthony.taylor@email.com,PROD-9822,Board Game,Toys,,86.45,1,86.45,15.0,2023-12-08,8481 Main St,San Francisco,CA,UK,Bank Transfer,Cancelled,72
ORD-1789,CUST-0062,William Clark,william.clark@email.com,PROD-6092,Web Development,Books,No Starch Press,69.48,3,208.44,0.0,2023-06-22,116 Main St,Philadelphia,PA,Australia,Apple Pay,Cancelled,74
ORD-1483,CUST-0202,Paul Johnson,paul.johnson@email.com,PROD-7397,Tennis Racket,Sports,Adidas,293.66,2,587.32,10.0,2024-11-02,2169 Second Ave,Philadelphia,PA,Australia,Credit Card,Processing,71
ORD-1347,CUST-0011,Anna Miller,anna.miller@email.com,PROD-3526,Puzzle,Toys,Mattel,20.85,4,83.4,25.0,2024-04-04,6120 Second Ave,Phoenix,AZ,UK,PayPal,Cancelled,42
ORD-1335,CUST-0005,Brenda Gonzalez,brenda.gonzalez@email.com,PROD-4858,Machine Learning,Books,O'Reilly,30.82,2,61.64,25.0,2024-04-11,1412 First St,Columbus,OH,USA,Debit Card,Cancelled,39
ORD-1286,CUST-0010,Andrew Thomas,andrew.thomas@email.com,PROD-5366,Face Cream,Beauty,L'Oreal,29.53,3,88.59,20.0,2023-05-26,6717 Elm St,Indianapolis,IN,Australia,Credit Card,Processing,42
ORD-1985,CUST-0218,Lisa Thomas,lisa.thomas@email.com,PROD-8852,Web Development,Books,Wiley,40.99,4,163.96,20.0,2024-07-03,6588 Oak Ave,Chicago,IL,UK,Apple Pay,Processing,74
ORD-1098,CUST-0227,Sarah Perez,sarah.perez@email.com,PROD-8299,Tennis Racket,Sports,Nike,246.43,4,985.72,,2024-07-21,,Charlotte,NC,Germany,Debit Card,Pending,43
ORD-1971,CUST-0261,Robert Sanchez,robert.sanchez@email.com,PROD-4974,Dumbbell Set,Sports,Nike,100.91,4,403.64,25.0,2024-05-08,8888 Second Ave,San Antonio,TX,Australia,Credit Card,Cancelled,55
ORD-2056,CUST-0223,Jessica Clark,,PROD-1356,Perfume,Beauty,MAC,32.09,5,160.45,,2023-09-05,,Philadelphia,PA,Germany,PayPal,Completed,67
ORD-1946,CUST-0006,Daniel Ramirez,daniel.ramirez@email.com,PROD-6165,Puzzle,Toys,Playmobil,32.42,1,32.42,25.0,2024-06-05,2935 Oak Ave,San Antonio,TX,USA,Apple Pay,Processing,70
ORD-1623,CUST-0272,Emily Lopez,emily.lopez@email.com,PROD-3492,Shampoo,Beauty,Neutrogena,84.8,5,424.0,5.0,2024-03-03,8648 First St,Los Angeles,CA,Australia,Debit Card,Cancelled,64
ORD-1705,CUST-0161,Brenda Lewis,brenda.lewis@email.com,PROD-6020,Dress,Clothing,Adidas,50.49,3,151.47,15.0,2024-03-03,3185 Second Ave,Dallas,TX,Germany,PayPal,Pending,61
ORD-1635,CUST-0096,Anna Taylor,anna.taylor@email.com,PROD-6964,Sunscreen,Beauty,Chanel,122.09,3,366.27,10.0,2024-01-18,2303 Park Rd,Austin,TX,Germany,PayPal,Processing,24
ORD-1830,CUST-0067,Robert Ramirez,,PROD-3308,iPad Air,Electronics,Asus,1980.69,1,1980.69,10.0,2025-02-09,8207 Park Rd,Philadelphia,PA,Australia,Credit Card,Shipped,21
ORD-1839,CUST-0255,Brenda Robinson,brenda.robinson@email.com,PROD-2067,Basketball,Sports,Spalding,75.63,5,378.15,0.0,2024-07-20,4894 Main St,Fort Worth,TX,Germany,Debit Card,Cancelled,27
ORD-1713,CUST-0289,Ashley Lee,ashley.lee@email.com,PROD-6891,Coffee Maker,Home & Garden,KitchenAid,205.96,4,823.84,15.0,2024-07-30,3844 Park Rd,Chicago,IL,Australia,Bank Transfer,Pending,28
ORD-1066,CUST-0270,Michael Lee,michael.lee@email.com,PROD-3954,Dumbbell Set,Sports,Nike,286.33,3,858.99,15.0,2023-12-05,4946 Main St,San Diego,CA,Canada,Apple Pay,Processing,74
ORD-1658,CUST-0102,David Wilson,david.wilson@email.com,PROD-8974,Shorts,Clothing,Uniqlo,73.5,5,367.5,25.0,2023-06-28,242 Main St,Houston,TX,USA,Bank Transfer,Completed,75
ORD-1769,CUST-0193,Angela Johnson,angela.johnson@email.com,PROD-4407,iPad Air,Electronics,,518.76,5,2593.8,20.0,2024-09-05,8715 Oak Ave,Jacksonville,FL,USA,PayPal,Completed,
ORD-1589,CUST-0128,Emily Jackson,emily.jackson@email.com,PROD-7379,Face Cream,Beauty,,86.39,2,172.78,5.0,2024-09-02,3373 Park Rd,Jacksonville,FL,Canada,PayPal,Pending,
ORD-2103,CUST-0163,Ashley Williams,ashley.williams@email.com,PROD-2589,Dining Table,Home & Garden,Dyson,31.05,4,124.2,5.0,2025-03-10,5828 Main St,Philadelphia,PA,USA,PayPal,Cancelled,
ORD-2118,CUST-0145,Donald Martinez,donald.martinez@email.com,PROD-1267,Dress,Clothing,Nike,131.67,1,131.67,20.0,2024-06-24,4743 Park Rd,Jacksonville,FL,UK,Bank Transfer,Cancelled,28
ORD-1303,CUST-0092,Jessica Williams,jessica.williams@email.com,PROD-4347,Python Programming,Books,Pearson,46.45,1,46.45,25.0,2024-11-27,7372 Elm St,Phoenix,AZ,Australia,Credit Card,Pending,19
ORD-1255,CUST-0013,Emily Anderson,emily.anderson@email.com,PROD-6310,Shampoo,Beauty,Chanel,106.22,2,212.44,0.0,2023-08-24,1497 Second Ave,Houston,TX,Australia,Debit Card,Processing,28
ORD-1994,CUST-0272,Michelle Miller,michelle.miller@email.com,PROD-6713,Vacuum Cleaner,Home & Garden,,267.09,5,1335.45,5.0,2023-12-23,1088 Elm St,Jacksonville,FL,Canada,Credit Card,Pending,73
ORD-1966,CUST-0277,Anna Taylor,anna.taylor@email.com,PROD-2038,Sneakers,Clothing,Adidas,112.75,3,338.25,25.0,2025-05-09,8001 First St,New York,NY,Australia,Debit Card,Completed,45
ORD-1313,CUST-0070,Amanda Garcia,amanda.garcia@email.com,PROD-5779,Web Development,Books,,47.07,1,47.07,25.0,2023-11-26,9008 Park Rd,Houston,TX,Germany,Bank Transfer,Pending,62
ORD-1549,CUST-0210,Jane Moore,jane.moore@email.com,PROD-8241,Machine Learning,Books,Wiley,39.76,3,119.28,10.0,2024-10-01,847 Park Rd,San Diego,CA,UK,Debit Card,Cancelled,74
ORD-1222,CUST-0037,Michael Garcia,michael.garcia@email.com,PROD-7480,Machine Learning,Books,McGraw-Hill,28.99,4,115.96,10.0,2025-01-13,3112 Main St,Indianapolis,IN,Australia,PayPal,Shipped,65
ORD-1478,CUST-0256,Anna Hernandez,anna.hernandez@email.com,PROD-1061,Perfume,Beauty,MAC,148.33,2,296.66,25.0,2025-01-04,3174 First St,Houston,TX,USA,Apple Pay,Shipped,31
ORD-1389,CUST-0071,Christopher Lee,christopher.lee@email.com,PROD-4935,MacBook Pro,Electronics,Samsung,770.8,3,2312.4,20.0,2025-02-19,2242 Oak Ave,Columbus,OH,USA,PayPal,Processing,41
ORD-1236,CUST-0189,Helen Thompson,helen.thompson@email.com,PROD-2154,Dumbbell Set,Sports,,253.65,1,253.65,20.0,2023-08-30,3204 Oak Ave,Houston,TX,Canada,Apple Pay,Shipped,29
ORD-1840,CUST-0147,Jane Thomas,jane.thomas@email.com,PROD-6281,Data Science Handbook,Books,Pearson,40.58,2,81.16,20.0,2025-04-07,1966 Second Ave,San Jose,CA,Germany,Debit Card,Completed,
ORD-1718,CUST-0236,Matthew Sanchez,matthew.sanchez@email.com,PROD-7618,Puzzle,Toys,Playmobil,89.99,4,359.96,20.0,2024-05-19,6779 Oak Ave,Fort Worth,TX,UK,Apple Pay,Cancelled,20
ORD-1737,CUST-0021,Ashley Clark,ashley.clark@email.com,PROD-2247,Coffee Maker,Home & Garden,,406.14,3,1218.42,20.0,2024-07-22,5116 Second Ave,New York,NY,Germany,Credit Card,Cancelled,31
ORD-1306,CUST-0288,Donald Johnson,donald.johnson@email.com,PROD-3664,Data Science Handbook,Books,McGraw-Hill,47.36,1,47.36,15.0,2024-10-15,2656 Main St,Phoenix,AZ,Australia,Apple Pay,Processing,63
ORD-2162,CUST-0131,Paul Moore,paul.moore@email.com,PROD-3105,Kitchen Knife Set,Home & Garden,,305.96,2,611.92,10.0,2025-04-02,569 Oak Ave,San Diego,CA,Canada,Debit Card,Pending,65
ORD-1850,CUST-0096,Ashley Johnson,ashley.johnson@email.com,PROD-6447,Business Strategy,Books,No Starch Press,64.58,1,64.58,10.0,2024-03-03,2140 Second Ave,San Jose,CA,Australia,Credit Card,Cancelled,20
ORD-1797,CUST-0252,Helen White,helen.white@email.com,PROD-4796,Vacuum Cleaner,Home & Garden,KitchenAid,440.5,5,2202.5,0.0,2024-10-31,5317 First St,Philadelphia,PA,Germany,Credit Card,Pending,66
ORD-1950,CUST-0249,Ashley Lee,ashley.lee@email.com,PROD-2386,Running Shoes,Sports,Adidas,44.07,1,44.07,,2024-09-02,5779 Elm St,Indianapolis,IN,USA,Apple Pay,Cancelled,65
ORD-2158,CUST-0246,Robert Harris,robert.harris@email.com,PROD-9163,Shampoo,Beauty,L'Oreal,59.98,2,119.96,25.0,2025-04-07,8440 First St,Phoenix,AZ,Australia,Apple Pay,Shipped,26
ORD-1250,CUST-0163,Paul Lewis,paul.lewis@email.com,PROD-7784,Gaming Mouse,Electronics,Dell,1924.33,3,5772.99,25.0,2024-02-27,3126 Main St,Phoenix,AZ,Canada,Apple Pay,Processing,54
ORD-1886,CUST-0124,James Ramirez,james.ramirez@email.com,PROD-5473,Dining Table,Home & Garden,IKEA,490.03,4,1960.12,,2024-08-04,3688 Elm St,Charlotte,NC,Canada,Bank Transfer,Pending,50
ORD-1616,CUST-0014,James Smith,james.smith@email.com,PROD-7680,iPad Air,Electronics,Asus,140.67,4,562.68,25.0,2024-11-10,5812 Oak Ave,Philadelphia,PA,Canada,Credit Card,Cancelled,25
ORD-1072,CUST-0096,Lisa Perez,lisa.perez@email.com,PROD-9317,Python Programming,Books,No Starch Press,48.79,4,195.16,0.0,2025-03-03,366 Park Rd,Fort Worth,TX,UK,Credit Card,Pending,60
ORD-1095,CUST-0208,Paul Wilson,paul.wilson@email.com,PROD-3304,Dell Laptop,Electronics,HP,981.04,2,1962.08,,2024-06-18,5500 Park Rd,San Diego,CA,Australia,Apple Pay,Processing,
ORD-1576,CUST-0121,Amanda Lopez,amanda.lopez@email.com,PROD-7524,LEGO Set,Toys,Playmobil,92.31,2,184.62,,2023-12-01,1621 Park Rd,Los Angeles,CA,Canada,Debit Card,Shipped,36
ORD-1049,CUST-0107,Mark Miller,mark.miller@email.com,PROD-2230,Samsung Galaxy S23,Electronics,Samsung,355.24,4,1420.96,20.0,2024-09-15,4732 Elm St,San Jose,CA,USA,Debit Card,Completed,34
ORD-1794,CUST-0053,Michael Martin,michael.martin@email.com,PROD-4899,Coffee Maker,Home & Garden,Cuisinart,416.95,3,1250.85,,2024-10-11,6260 Main St,Seattle,WA,Germany,PayPal,Shipped,75
ORD-1449,CUST-0027,Lisa White,lisa.white@email.com,PROD-2651,Web Development,Books,McGraw-Hill,40.16,3,120.48,10.0,2024-04-29,323 Elm St,San Jose,CA,USA,Apple Pay,Shipped,65
ORD-1446,CUST-0027,Lisa Clark,lisa.clark@email.com,PROD-5624,Running Shoes,Sports,Spalding,156.06,4,624.24,5.0,2024-10-27,1984 Park Rd,Philadelphia,PA,Canada,PayPal,Cancelled,63
ORD-1853,CUST-0128,Donald Jackson,donald.jackson@email.com,PROD-9303,Basketball,Sports,Spalding,126.73,3,380.19,0.0,2024-04-22,5237 Elm St,Austin,TX,Germany,Credit Card,Completed,26
ORD-1728,CUST-0125,Jennifer Sanchez,jennifer.sanchez@email.com,PROD-2358,Dress,Clothing,Zara,33.62,1,33.62,0.0,2023-10-23,1612 Elm St,Seattle,WA,Australia,PayPal,Completed,
ORD-1984,CUST-0101,John Martinez,john.martinez@email.com,PROD-6136,Vacuum Cleaner,Home & Garden,Dyson,111.23,4,444.92,15.0,2024-04-21,8007 Second Ave,San Antonio,TX,UK,Credit Card,Completed,73
ORD-1078,CUST-0147,Donald Robinson,donald.robinson@email.com,PROD-8407,T-Shirt,Clothing,Adidas,46.94,4,187.76,25.0,2024-04-14,4857 Park Rd,Jacksonville,FL,USA,PayPal,Shipped,50
ORD-1085,CUST-0181,Jane Johnson,jane.johnson@email.com,PROD-2762,Tennis Racket,Sports,Wilson,140.66,3,421.98,15.0,2024-05-31,,Los Angeles,CA,Australia,Apple Pay,Shipped,36
ORD-1559,CUST-0163,Melissa Garcia,melissa.garcia@email.com,PROD-4265,iPhone 14,Electronics,Dell,1403.39,5,7016.95,0.0,2023-07-24,5841 Elm St,Charlotte,NC,Germany,Apple Pay,Shipped,18
ORD-1083,CUST-0175,Jennifer Jones,jennifer.jones@email.com,PROD-3143,Lipstick,Beauty,MAC,116.01,5,580.05,10.0,2024-01-25,4161 Oak Ave,Charlotte,NC,USA,Credit Card,Completed,42
ORD-1458,CUST-0005,Helen Brown,helen.brown@email.com,PROD-8872,Board Game,Toys,LEGO,78.37,4,313.48,10.0,2024-04-26,9005 Elm St,San Francisco,CA,Canada,Bank Transfer,Processing,70
ORD-1762,CUST-0291,Robert Anderson,robert.anderson@email.com,PROD-4509,Tennis Racket,Sports,Wilson,279.34,1,279.34,10.0,2024-06-10,9625 Main St,Seattle,WA,Australia,PayPal,Completed,62
ORD-1437,CUST-0075,Anna Sanchez,anna.sanchez@email.com,PROD-4641,iPhone 14,Electronics,Sony,788.33,1,788.33,0.0,2023-11-18,8121 Main St,Indianapolis,IN,UK,Apple Pay,Pending,73
ORD-1610,CUST-0168,Kimberly Anderson,kimberly.anderson@email.com,PROD-6811,Shorts,Clothing,Gap,180.25,5,901.25,5.0,2023-12-20,8839 Second Ave,San Jose,CA,Canada,Credit Card,Shipped,22
ORD-1923,CUST-0024,Matthew Garcia,matthew.garcia@email.com,PROD-4276,Coffee Maker,Home & Garden,West Elm,206.04,1,206.04,,2023-09-27,9170 Oak Ave,Phoenix,AZ,Australia,Apple Pay,Processing,29
ORD-1405,CUST-0216,John Smith,john.smith@email.com,PROD-2583,Hoodie,Clothing,,162.43,2,324.86,0.0,2024-07-21,5386 Second Ave,Indianapolis,IN,USA,PayPal,Processing,52
ORD-2064,CUST-0265,Anna Anderson,anna.anderson@email.com,PROD-3079,Tennis Racket,Sports,Adidas,124.82,3,374.46,5.0,2023-08-26,4267 Elm St,Indianapolis,IN,Germany,Bank Transfer,Processing,55
ORD-1629,CUST-0123,Amanda Jackson,amanda.jackson@email.com,PROD-1654,Tennis Racket,Sports,Spalding,117.25,4,469.0,20.0,2024-11-08,7174 Elm St,Los Angeles,CA,Australia,Credit Card,Shipped,19
ORD-1671,CUST-0089,David Jackson,david.jackson@email.com,PROD-3456,T-Shirt,Clothing,Nike,65.11,2,130.22,,2024-06-27,9100 Park Rd,Philadelphia,PA,UK,PayPal,Shipped,64
ORD-1105,CUST-0156,Brenda Smith,brenda.smith@email.com,PROD-8847,Hoodie,Clothing,Nike,184.17,5,920.85,15.0,2024-01-23,6336 First St,Seattle,WA,UK,Apple Pay,Pending,41
ORD-2135,CUST-0263,Steven Taylor,steven.taylor@email.com,PROD-9947,Jeans,Clothing,H&M,135.05,1,135.05,20.0,2024-03-15,6398 Elm St,Chicago,IL,Australia,Credit Card,Shipped,34
ORD-1627,CUST-0186,Ashley Ramirez,ashley.ramirez@email.com,PROD-2724,Kitchen Knife Set,Home & Garden,,435.95,3,1307.85,25.0,2024-02-29,4216 Park Rd,Dallas,TX,Germany,Credit Card,Completed,69
ORD-1063,CUST-0237,Daniel Johnson,daniel.johnson@email.com,PROD-2480,Board Game,Toys,LEGO,65.35,5,326.75,20.0,2024-12-10,9466 Elm St,Los Angeles,CA,Australia,PayPal,Pending,50
ORD-1282,CUST-0222,Jennifer Robinson,jennifer.robinson@email.com,PROD-2611,Machine Learning,Books,McGraw-Hill,27.87,5,139.35,25.0,2024-01-25,3047 Park Rd,San Antonio,TX,Germany,Apple Pay,Completed,71
ORD-1875,CUST-0208,Emily Gonzalez,emily.gonzalez@email.com,PROD-8102,LEGO Set,Toys,Playmobil,60.22,5,301.1,20.0,2023-09-21,8051 Second Ave,San Francisco,CA,Germany,Credit Card,Pending,
ORD-1239,CUST-0155,John Martinez,john.martinez@email.com,PROD-5522,Shorts,Clothing,,185.04,5,925.2,20.0,2023-10-28,2657 Oak Ave,Houston,TX,USA,Bank Transfer,Pending,33
ORD-1224,CUST-0068,Matthew Clark,matthew.clark@email.com,PROD-6329,iPad Air,Electronics,Dell,1735.27,4,6941.08,20.0,2024-02-25,8935 Oak Ave,Seattle,WA,Australia,Apple Pay,Processing,65
ORD-1146,CUST-0206,Amanda Perez,amanda.perez@email.com,PROD-2229,Face Cream,Beauty,Neutrogena,11.1,1,11.1,25.0,2024-08-19,5532 Main St,Phoenix,AZ,USA,Credit Card,Cancelled,
ORD-2138,CUST-0268,Christopher Hernandez,christopher.hernandez@email.com,PROD-3821,Board Game,Toys,Fisher-Price,32.93,4,131.72,0.0,2023-07-15,8636 First St,Fort Worth,TX,Germany,Apple Pay,Shipped,21
ORD-1374,CUST-0001,Paul Anderson,paul.anderson@email.com,PROD-8901,Dumbbell Set,Sports,,96.52,3,289.56,15.0,2024-05-16,4709 Main St,San Antonio,TX,Germany,PayPal,Processing,37
ORD-1119,CUST-0128,Lisa Perez,lisa.perez@email.com,PROD-7548,Sunscreen,Beauty,L'Oreal,145.29,3,435.87,15.0,2023-09-08,8466 Elm St,New York,NY,USA,Apple Pay,Processing,54
ORD-1831,CUST-0044,Melissa Wilson,melissa.wilson@email.com,PROD-5611,Dell Laptop,Electronics,Samsung,1085.54,1,1085.54,10.0,2023-11-01,4776 Main St,New York,NY,Canada,PayPal,Completed,57
ORD-1251,CUST-0119,Ashley Perez,,PROD-9231,iPad Air,Electronics,Asus,1699.97,4,6799.88,10.0,2023-11-27,2783 Oak Ave,Fort Worth,TX,Australia,PayPal,Completed,18
ORD-2176,CUST-0227,Melissa Sanchez,,PROD-4168,Business Strategy,Books,No Starch Press,28.73,1,28.73,20.0,2024-05-22,7858 Elm St,San Diego,CA,Australia,PayPal,Pending,53
ORD-1043,CUST-0221,Amanda Wilson,amanda.wilson@email.com,PROD-6560,LEGO Set,Toys,,82.05,1,82.05,5.0,2024-11-22,4663 First St,Charlotte,NC,Canada,PayPal,Completed,73
ORD-1450,CUST-0271,Jennifer Lopez,jennifer.lopez@email.com,PROD-2743,Data Science Handbook,Books,No Starch Press,19.13,5,95.65,,2025-01-12,1716 Main St,San Antonio,TX,Canada,Apple Pay,Processing,64
ORD-1906,CUST-0183,Christopher Lewis,christopher.lewis@email.com,PROD-2164,Basketball,Sports,Adidas,211.46,2,422.92,0.0,2024-07-21,769 Oak Ave,Chicago,IL,Australia,Apple Pay,Processing,68
ORD-1390,CUST-0220,Mark Davis,mark.davis@email.com,PROD-9774,Toy Car,Toys,Playmobil,36.48,2,72.96,0.0,2025-02-25,9669 First St,Dallas,TX,Canada,PayPal,Completed,68
ORD-2184,CUST-0300,Anna Sanchez,anna.sanchez@email.com,PROD-5297,Python Programming,Books,Pearson,45.39,1,45.39,0.0,2023-11-24,9392 First St,Columbus,OH,Australia,Credit Card,Processing,61
ORD-1934,CUST-0126,Amanda Hernandez,amanda.hernandez@email.com,PROD-7327,Vacuum Cleaner,Home & Garden,IKEA,488.15,5,2440.75,5.0,2024-09-09,9364 Elm St,Charlotte,NC,USA,Bank Transfer,Shipped,42
ORD-1461,CUST-0189,Brenda Rodriguez,brenda.rodriguez@email.com,PROD-3436,Face Cream,Beauty,L'Oreal,118.45,2,236.9,15.0,2024-08-22,7103 Elm St,San Francisco,CA,USA,Bank Transfer,Shipped,
ORD-1075,CUST-0255,Amanda Robinson,amanda.robinson@email.com,PROD-3957,Python Programming,Books,,48.18,3,144.54,,2024-04-22,7081 Oak Ave,San Jose,CA,UK,Debit Card,Pending,64
ORD-1145,CUST-0183,Christopher Taylor,,PROD-7626,Machine Learning,Books,,69.82,5,349.1,5.0,2023-08-27,2390 Main St,Charlotte,NC,USA,Credit Card,Completed,32
ORD-1502,CUST-0138,Michelle Miller,michelle.miller@email.com,PROD-5719,Sneakers,Clothing,Uniqlo,150.77,1,150.77,25.0,2025-02-18,4009 Oak Ave,San Francisco,CA,UK,Bank Transfer,Completed,39
ORD-1706,CUST-0278,Kimberly Hernandez,kimberly.hernandez@email.com,PROD-5776,Dining Table,Home & Garden,West Elm,328.33,2,656.66,25.0,2024-05-02,6516 First St,Philadelphia,PA,Australia,Bank Transfer,Processing,39
ORD-1540,CUST-0272,Brenda Gonzalez,brenda.gonzalez@email.com,PROD-4956,Data Science Handbook,Books,Wiley,59.84,1,59.84,10.0,2025-01-17,5915 First St,Houston,TX,USA,Debit Card,Cancelled,45
ORD-1178,CUST-0225,Jennifer Rodriguez,jennifer.rodriguez@email.com,PROD-2866,MacBook Pro,Electronics,Asus,831.52,4,3326.08,15.0,2025-04-28,2832 Main St,San Francisco,CA,Australia,PayPal,Completed,72
ORD-2178,CUST-0262,Jane Martin,jane.martin@email.com,PROD-7054,Bed Sheets,Home & Garden,IKEA,129.11,4,516.44,25.0,2024-06-05,4536 First St,Philadelphia,PA,UK,Debit Card,Pending,39
ORD-1723,CUST-0194,James Perez,james.perez@email.com,PROD-4217,Lipstick,Beauty,Nivea,21.23,4,84.92,5.0,2023-07-04,,Los Angeles,CA,UK,PayPal,Shipped,30
ORD-1722,CUST-0207,James Sanchez,james.sanchez@email.com,PROD-1835,Business Strategy,Books,McGraw-Hill,66.09,5,330.45,,2024-08-13,692 Elm St,San Francisco,CA,Australia,Apple Pay,Processing,27
ORD-2138,CUST-0268,Christopher Hernandez,christopher.hernandez@email.com,PROD-3821,Board Game,Toys,Fisher-Price,32.93,4,131.72,0.0,2023-07-15,8636 First St,Fort Worth,TX,Germany,Apple Pay,Shipped,21
ORD-1032,CUST-0036,Steven Moore,steven.moore@email.com,PROD-3706,Hoodie,Clothing,H&M,64.04,5,320.2,5.0,2024-11-25,6218 First St,San Antonio,TX,UK,Apple Pay,Cancelled,32
ORD-1736,CUST-0171,John Wilson,john.wilson@email.com,PROD-7837,LEGO Set,Toys,Fisher-Price,93.61,5,468.05,10.0,2025-01-17,734 Oak Ave,San Diego,CA,Australia,Apple Pay,Pending,18
ORD-1873,CUST-0143,James White,james.white@email.com,PROD-1755,Coffee Maker,Home & Garden,,232.06,4,928.24,0.0,2023-08-06,5000 Main St,New York,NY,Australia,Credit Card,Shipped,18
ORD-1358,CUST-0022,Matthew Brown,matthew.brown@email.com,PROD-3573,Gaming Mouse,Electronics,Samsung,1470.28,4,5881.12,15.0,2023-09-01,2357 Main St,Phoenix,AZ,UK,PayPal,Cancelled,67
ORD-1330,CUST-0078,Angela Perez,angela.perez@email.com,PROD-2056,Puzzle,Toys,Fisher-Price,67.05,4,268.2,10.0,2025-03-14,3968 First St,Philadelphia,PA,UK,PayPal,Completed,19
ORD-1729,CUST-0091,Jane Jones,jane.jones@email.com,PROD-2434,Board Game,Toys,Mattel,13.64,3,40.92,0.0,2025-01-08,3249 Oak Ave,Chicago,IL,USA,Debit Card,Cancelled,55
ORD-1860,CUST-0265,Mark Gonzalez,mark.gonzalez@email.com,PROD-8776,Gaming Mouse,Electronics,,1198.18,4,4792.72,15.0,2024-12-15,2932 Second Ave,Phoenix,AZ,Canada,Apple Pay,Pending,68
ORD-1259,CUST-0019,Michael Harris,michael.harris@email.com,PROD-2064,Web Development,Books,O'Reilly,30.5,2,61.0,,2024-02-28,3538 Elm St,Austin,TX,Germany,PayPal,Processing,
ORD-1900,CUST-0065,John Robinson,john.robinson@email.com,PROD-4698,Gaming Mouse,Electronics,Dell,1441.7,5,7208.5,,2023-12-02,2900 Main St,Columbus,OH,Canada,Bank Transfer,Processing,51
ORD-1924,CUST-0253,Lisa Sanchez,lisa.sanchez@email.com,PROD-7596,Bed Sheets,Home & Garden,West Elm,252.28,3,756.84,10.0,2023-10-04,3650 Elm St,Phoenix,AZ,Canada,PayPal,Shipped,63
ORD-2192,CUST-0123,Kimberly Sanchez,kimberly.sanchez@email.com,PROD-2822,iPad Air,Electronics,Sony,1332.36,4,5329.44,,2025-01-03,2586 Main St,San Jose,CA,Canada,Bank Transfer,Pending,22
ORD-1622,CUST-0259,Emily Gonzalez,emily.gonzalez@email.com,PROD-4635,Yoga Mat,Sports,Adidas,237.26,2,474.52,10.0,2024-11-11,8702 Main St,Phoenix,AZ,Germany,Apple Pay,Pending,62
ORD-1859,CUST-0220,Andrew Thomas,andrew.thomas@email.com,PROD-6178,Bed Sheets,Home & Garden,KitchenAid,316.3,4,1265.2,,2023-08-11,1737 Main St,Philadelphia,PA,UK,Bank Transfer,Processing,34
ORD-1526,CUST-0008,Anna White,anna.white@email.com,PROD-3959,iPhone 14,Electronics,Apple,601.06,3,1803.18,25.0,2024-01-28,7943 Elm St,San Jose,CA,Canada,Credit Card,Completed,
ORD-1843,CUST-0037,Kimberly Robinson,kimberly.robinson@email.com,PROD-2971,Machine Learning,Books,No Starch Press,41.59,3,124.77,25.0,2024-01-16,288 Second Ave,Charlotte,NC,Germany,PayPal,Completed,34
ORD-1979,CUST-0042,David Martinez,david.martinez@email.com,PROD-1924,Data Science Handbook,Books,O'Reilly,10.23,2,20.46,25.0,2023-11-28,7838 Oak Ave,Chicago,IL,USA,PayPal,Cancelled,45
ORD-2175,CUST-0117,Mark Garcia,mark.garcia@email.com,PROD-3594,Tennis Racket,Sports,Nike,88.11,5,440.55,15.0,2025-04-17,5085 Oak Ave,San Jose,CA,UK,Apple Pay,Cancelled,69
ORD-2160,CUST-0239,Brenda Miller,brenda.miller@email.com,PROD-7370,Puzzle,Toys,Fisher-Price,25.9,1,25.9,25.0,2024-12-29,1448 Elm St,Jacksonville,FL,Germany,Debit Card,Pending,57
ORD-1441,CUST-0004,Donald Wilson,donald.wilson@email.com,PROD-9653,Lipstick,Beauty,Nivea,105.14,1,105.14,5.0,2025-04-12,6113 Oak Ave,Indianapolis,IN,Canada,Apple Pay,Pending,45
ORD-1532,CUST-0158,Anthony Perez,anthony.perez@email.com,PROD-8208,Data Science Handbook,Books,Wiley,10.62,1,10.62,15.0,2025-03-06,9595 Main St,Seattle,WA,Canada,Bank Transfer,Processing,22
ORD-1995,CUST-0221,Michael Lopez,michael.lopez@email.com,PROD-6478,Web Development,Books,Pearson,70.25,4,281.0,15.0,2024-12-24,1995 Main St,Philadelphia,PA,UK,Debit Card,Pending,61
ORD-1229,CUST-0075,Jane Rodriguez,jane.rodriguez@email.com,PROD-5098,Sony Headphones,Electronics,Sony,1643.64,1,1643.64,,2024-02-01,649 Oak Ave,Fort Worth,TX,Australia,Debit Card,Completed,31
ORD-2091,CUST-0198,Anna Brown,anna.brown@email.com,PROD-1543,Kitchen Knife Set,Home & Garden,KitchenAid,276.93,1,276.93,0.0,2024-09-01,7002 Oak Ave,Los Angeles,CA,Canada,Bank Transfer,Pending,38
ORD-1213,CUST-0103,Matthew Smith,matthew.smith@email.com,PROD-6704,iPhone 14,Electronics,Logitech,727.58,3,2182.74,5.0,2024-08-30,,Fort Worth,TX,Germany,PayPal,Cancelled,53
ORD-1080,CUST-0163,Mark Williams,mark.williams@email.com,PROD-3982,Sunscreen,Beauty,MAC,117.02,2,234.04,0.0,2023-09-27,2753 Park Rd,Indianapolis,IN,Canada,PayPal,Pending,51
ORD-1149,CUST-0113,John Lewis,john.lewis@email.com,PROD-4814,Python Programming,Books,Wiley,78.18,1,78.18,5.0,2024-02-19,3694 Second Ave,Seattle,WA,USA,Debit Card,Pending,72
ORD-1738,CUST-0283,Jessica Harris,jessica.harris@email.com,PROD-3904,Jacket,Clothing,Levi's,115.84,2,231.68,,2024-08-04,7962 Main St,Chicago,IL,UK,Credit Card,Shipped,64
ORD-1732,CUST-0230,David Jones,david.jones@email.com,PROD-8891,Machine Learning,Books,McGraw-Hill,40.47,1,40.47,25.0,2025-04-09,3536 First St,Seattle,WA,Germany,Credit Card,Pending,30
ORD-1611,CUST-0162,Brenda Davis,brenda.davis@email.com,PROD-5442,Sneakers,Clothing,Adidas,58.1,2,116.2,0.0,2023-10-10,6245 Main St,Charlotte,NC,USA,Debit Card,Shipped,46
ORD-1134,CUST-0197,Amanda Wilson,amanda.wilson@email.com,PROD-5066,Jeans,Clothing,Zara,117.38,5,586.9,10.0,2025-04-29,8448 Oak Ave,New York,NY,UK,Debit Card,Pending,68
ORD-1808,CUST-0148,Paul Rodriguez,paul.rodriguez@email.com,PROD-9394,Sneakers,Clothing,Uniqlo,167.5,1,167.5,0.0,2024-09-26,,San Francisco,CA,Canada,Apple Pay,Pending,35
ORD-1409,CUST-0105,Mark Johnson,mark.johnson@email.com,PROD-6386,Sunscreen,Beauty,Chanel,27.07,3,81.21,0.0,2024-11-06,3852 Elm St,Columbus,OH,UK,Bank Transfer,Pending,52
ORD-1696,CUST-0260,Daniel Williams,daniel.williams@email.com,PROD-9777,Bed Sheets,Home & Garden,West Elm,335.51,1,335.51,0.0,2025-05-06,7501 Park Rd,Indianapolis,IN,Australia,PayPal,Completed,39
ORD-1508,CUST-0064,Jane Thomas,jane.thomas@email.com,PROD-3257,Bed Sheets,Home & Garden,,191.35,3,574.05,20.0,2025-04-03,4534 Oak Ave,Seattle,WA,Canada,PayPal,Cancelled,23
ORD-1909,CUST-0101,Lisa Martinez,lisa.martinez@email.com,PROD-6633,Hoodie,Clothing,Adidas,16.58,5,82.9,15.0,2023-12-03,7208 Main St,Phoenix,AZ,Canada,Credit Card,Pending,34
ORD-1505,CUST-0248,Sarah Rodriguez,sarah.rodriguez@email.com,PROD-4609,Face Cream,Beauty,Nivea,101.63,2,203.26,0.0,2024-01-28,1562 Oak Ave,Columbus,OH,UK,Debit Card,Completed,74
ORD-1851,CUST-0149,William Smith,william.smith@email.com,PROD-8934,Kitchen Knife Set,Home & Garden,IKEA,450.87,1,450.87,5.0,2025-05-08,9055 Elm St,Dallas,TX,Germany,Credit Card,Processing,64
ORD-1348,CUST-0289,Jennifer Wilson,jennifer.wilson@email.com,PROD-7980,Bed Sheets,Home & Garden,West Elm,69.15,5,345.75,15.0,2025-04-14,8738 Elm St,San Diego,CA,Canada,Apple Pay,Completed,45
ORD-1387,CUST-0022,Michelle Davis,michelle.davis@email.com,PROD-4493,Shampoo,Beauty,Nivea,41.94,3,125.82,15.0,2023-12-19,210 Park Rd,Fort Worth,TX,Canada,Credit Card,Completed,53
ORD-1001,CUST-0013,Angela Rodriguez,angela.rodriguez@email.com,PROD-9936,Hoodie,Clothing,Nike,31.08,4,124.32,,2023-08-26,534 Second Ave,San Antonio,TX,Canada,PayPal,Processing,46
ORD-1361,CUST-0267,Jessica Wilson,jessica.wilson@email.com,PROD-6140,Sunscreen,Beauty,MAC,137.11,1,137.11,20.0,2025-02-06,3460 Second Ave,Phoenix,AZ,Australia,Apple Pay,Processing,62
ORD-2153,CUST-0076,Anthony Moore,anthony.moore@email.com,PROD-9379,Basketball,Sports,Adidas,205.57,4,822.28,20.0,2024-08-30,824 First St,Los Angeles,CA,Canada,Debit Card,Pending,57
ORD-1476,CUST-0130,Mark Garcia,mark.garcia@email.com,PROD-8397,MacBook Pro,Electronics,Sony,1749.01,5,8745.05,10.0,2023-11-27,7121 Park Rd,Los Angeles,CA,USA,Bank Transfer,Shipped,44
ORD-1803,CUST-0254,Jennifer Moore,jennifer.moore@email.com,PROD-8152,Yoga Mat,Sports,Under Armour,161.63,2,323.26,5.0,2024-04-14,725 Elm St,Indianapolis,IN,Germany,Apple Pay,Pending,18
ORD-1779,CUST-0081,Robert Martin,robert.martin@email.com,PROD-6492,T-Shirt,Clothing,Adidas,77.47,1,77.47,,2023-06-29,6772 Elm St,San Jose,CA,Canada,Credit Card,Pending,67
ORD-1173,CUST-0173,Melissa Lewis,melissa.lewis@email.com,PROD-4088,Sneakers,Clothing,H&M,45.5,4,182.0,,2024-01-07,9761 Second Ave,Phoenix,AZ,Canada,PayPal,Completed,59
ORD-1451,CUST-0104,Kimberly White,kimberly.white@email.com,PROD-5138,Jeans,Clothing,H&M,179.94,5,899.7,10.0,2024-08-24,,Houston,TX,Australia,Debit Card,Processing,50
ORD-1126,CUST-0235,Anthony White,anthony.white@email.com,PROD-2872,Dining Table,Home & Garden,West Elm,152.25,5,761.25,10.0,2024-11-28,7065 Main St,Los Angeles,CA,Australia,PayPal,Pending,20
ORD-1662,CUST-0214,Emily Lopez,emily.lopez@email.com,PROD-1385,Dress,Clothing,Zara,105.58,2,211.16,,2024-01-22,7193 Park Rd,San Jose,CA,UK,Credit Card,Pending,66
ORD-1531,CUST-0134,Emily Gonzalez,emily.gonzalez@email.com,PROD-5496,Jeans,Clothing,Nike,30.82,2,61.64,10.0,2024-05-02,6026 Park Rd,Fort Worth,TX,USA,Bank Transfer,Processing,
ORD-1091,CUST-0203,Paul Lopez,paul.lopez@email.com,PROD-2295,Action Figure,Toys,,41.17,4,164.68,25.0,2024-09-24,4542 Second Ave,San Antonio,TX,Canada,Bank Transfer,Shipped,65
ORD-2181,CUST-0122,Jennifer Martin,jennifer.martin@email.com,PROD-6808,Toy Car,Toys,LEGO,87.44,5,437.2,,2024-06-29,1548 Main St,Indianapolis,IN,Canada,PayPal,Completed,31
ORD-1182,CUST-0162,Sarah Thomas,sarah.thomas@email.com,PROD-9997,iPhone 14,Electronics,Sony,50.33,1,50.33,20.0,2025-03-05,7574 Park Rd,San Jose,CA,Germany,Bank Transfer,Completed,72
ORD-2182,CUST-0195,Jane Thomas,jane.thomas@email.com,PROD-7941,LEGO Set,Toys,LEGO,83.31,5,416.55,0.0,2024-12-12,9501 Oak Ave,Phoenix,AZ,Australia,Credit Card,Shipped,36
ORD-1415,CUST-0015,Donald Perez,donald.perez@email.com,PROD-3415,Business Strategy,Books,Wiley,27.8,5,139.0,25.0,2023-11-04,6397 First St,New York,NY,USA,Apple Pay,Completed,30
ORD-1252,CUST-0212,Ashley White,ashley.white@email.com,PROD-8198,Shorts,Clothing,,175.42,4,701.68,15.0,2024-01-30,6332 Elm St,Columbus,OH,Australia,Bank Transfer,Cancelled,65
ORD-1070,CUST-0051,Paul Thompson,paul.thompson@email.com,PROD-8741,Action Figure,Toys,,72.65,2,145.3,15.0,2024-08-24,,New York,NY,USA,PayPal,Shipped,64
ORD-1132,CUST-0110,Michelle Williams,michelle.williams@email.com,PROD-1133,Dress,Clothing,Uniqlo,143.69,1,143.69,15.0,2025-05-02,6376 Main St,Phoenix,AZ,Australia,Credit Card,Completed,74
ORD-1301,CUST-0021,Amanda Lopez,amanda.lopez@email.com,PROD-4355,Running Shoes,Sports,Under Armour,58.75,3,176.25,0.0,2025-03-17,3537 Elm St,San Francisco,CA,Germany,PayPal,Pending,35
ORD-1842,CUST-0043,Ashley Lopez,ashley.lopez@email.com,PROD-9266,Toy Car,Toys,Playmobil,89.65,5,448.25,5.0,2023-09-14,8906 Second Ave,Chicago,IL,Australia,Apple Pay,Pending,50
ORD-1327,CUST-0200,James Jackson,james.jackson@email.com,PROD-9238,Coffee Maker,Home & Garden,Cuisinart,410.44,3,1231.32,10.0,2024-05-29,1334 Second Ave,Columbus,OH,Canada,PayPal,Pending,37
ORD-2194,CUST-0187,Jessica Thomas,jessica.thomas@email.com,PROD-5521,iPad Air,Electronics,Sony,1065.16,3,3195.48,20.0,2024-03-07,9895 Oak Ave,Indianapolis,IN,Germany,Credit Card,Completed,55
ORD-1500,CUST-0044,Amanda Wilson,amanda.wilson@email.com,PROD-1871,Dining Table,Home & Garden,KitchenAid,234.64,3,703.92,,2025-03-17,3203 First St,Fort Worth,TX,Australia,PayPal,Processing,56
ORD-1963,CUST-0279,Christopher Miller,christopher.miller@email.com,PROD-3941,MacBook Pro,Electronics,,576.8,5,2884.0,20.0,2025-05-18,2751 First St,New York,NY,UK,Apple Pay,Shipped,54
ORD-2071,CUST-0271,David Anderson,david.anderson@email.com,PROD-2817,MacBook Pro,Electronics,Sony,1850.76,4,7403.04,0.0,2024-09-19,3678 Elm St,Columbus,OH,Canada,Apple Pay,Pending,
ORD-1496,CUST-0139,Donald Garcia,donald.garcia@email.com,PROD-3425,Tennis Racket,Sports,Nike,230.85,4,923.4,25.0,2023-09-25,7930 Elm St,Indianapolis,IN,Germany,Debit Card,Pending,64
ORD-1339,CUST-0233,Paul Perez,paul.perez@email.com,PROD-5362,Hoodie,Clothing,Adidas,68.27,4,273.08,15.0,2023-12-20,3202 First St,San Antonio,TX,UK,PayPal,Cancelled,19
ORD-1999,CUST-0012,Anthony Wilson,anthony.wilson@email.com,PROD-1059,Dell Laptop,Electronics,Sony,1160.85,2,2321.7,10.0,2025-02-09,5341 Park Rd,Indianapolis,IN,Australia,Credit Card,Shipped,67
ORD-1165,CUST-0133,Angela Clark,angela.clark@email.com,PROD-4512,Python Programming,Books,,70.0,2,140.0,10.0,2025-03-20,,Columbus,OH,Germany,Credit Card,Cancelled,59
ORD-1029,CUST-0045,William Lewis,william.lewis@email.com,PROD-7210,Puzzle,Toys,Playmobil,40.28,4,161.12,5.0,2024-10-03,5676 Park Rd,San Antonio,TX,UK,Apple Pay,Pending,51
ORD-1517,CUST-0072,William Sanchez,william.sanchez@email.com,PROD-8926,Web Development,Books,O'Reilly,36.36,4,145.44,5.0,2025-01-01,5409 Second Ave,Indianapolis,IN,Germany,Apple Pay,Pending,71
ORD-1194,CUST-0223,Mark Clark,mark.clark@email.com,PROD-6435,Shampoo,Beauty,L'Oreal,13.38,1,13.38,,2024-02-04,3829 Park Rd,Seattle,WA,USA,Debit Card,Cancelled,43
ORD-1784,CUST-0294,Jennifer Lee,jennifer.lee@email.com,PROD-5857,Basketball,Sports,Spalding,252.48,5,1262.4,25.0,2025-04-14,4942 Oak Ave,Charlotte,NC,USA,Apple Pay,Pending,58
ORD-2117,CUST-0201,Jane Johnson,jane.johnson@email.com,PROD-8594,Tennis Racket,Sports,Nike,117.67,4,470.68,25.0,2024-04-16,9775 Oak Ave,Dallas,TX,UK,Credit Card,Pending,53
ORD-1170,CUST-0100,Matthew Brown,matthew.brown@email.com,PROD-3471,Dining Table,Home & Garden,Dyson,90.25,2,180.5,20.0,2024-09-02,3054 Main St,Phoenix,AZ,UK,Debit Card,Pending,29
ORD-1458,CUST-0005,Helen Brown,helen.brown@email.com,PROD-8872,Board Game,Toys,LEGO,78.37,4,313.48,10.0,2024-04-26,9005 Elm St,San Francisco,CA,Canada,Bank Transfer,Processing,70
ORD-1174,CUST-0193,Andrew Lee,andrew.lee@email.com,PROD-1786,Basketball,Sports,Nike,205.35,1,205.35,,2023-09-18,9066 Park Rd,Columbus,OH,Australia,Debit Card,Shipped,61
ORD-1519,CUST-0038,Daniel Harris,daniel.harris@email.com,PROD-8365,Face Cream,Beauty,Nivea,61.62,5,308.1,5.0,2024-02-05,3794 Oak Ave,San Francisco,CA,Australia,PayPal,Cancelled,69
ORD-1953,CUST-0099,Brenda Miller,brenda.miller@email.com,PROD-4316,iPad Air,Electronics,Logitech,1953.52,3,5860.56,0.0,2024-03-30,9917 Second Ave,Indianapolis,IN,Germany,Bank Transfer,Completed,19
ORD-2114,CUST-0296,Christopher Robinson,,PROD-2208,T-Shirt,Clothing,Adidas,151.87,3,455.61,,2024-06-08,197 Oak Ave,San Francisco,CA,Germany,Debit Card,Processing,39
ORD-1492,CUST-0143,Donald Martin,donald.martin@email.com,PROD-7910,LEGO Set,Toys,Playmobil,71.39,4,285.56,10.0,2023-12-11,8269 Main St,San Antonio,TX,USA,Bank Transfer,Cancelled,46
ORD-1074,CUST-0022,James Robinson,james.robinson@email.com,PROD-4132,Dining Table,Home & Garden,KitchenAid,160.9,1,160.9,10.0,2024-02-26,6653 Elm St,Houston,TX,UK,Debit Card,Cancelled,29
ORD-2028,CUST-0194,Kimberly Jones,kimberly.jones@email.com,PROD-8092,T-Shirt,Clothing,Zara,171.04,5,855.2,10.0,2023-11-06,2919 Main St,Jacksonville,FL,UK,Debit Card,Pending,59
ORD-1588,CUST-0002,Kimberly Clark,kimberly.clark@email.com,PROD-7851,Vacuum Cleaner,Home & Garden,IKEA,487.77,4,1951.08,0.0,2025-02-14,8347 Main St,San Diego,CA,Canada,Apple Pay,Processing,19
ORD-1235,CUST-0293,Mark Clark,mark.clark@email.com,PROD-5194,Dining Table,Home & Garden,West Elm,48.32,2,96.64,0.0,2023-06-05,1410 First St,San Antonio,TX,Australia,Credit Card,Pending,74
ORD-1215,CUST-0113,Lisa Thompson,lisa.thompson@email.com,PROD-1160,Web Development,Books,McGraw-Hill,59.06,3,177.18,0.0,2024-07-04,3024 First St,Austin,TX,USA,Bank Transfer,Pending,54
ORD-2195,CUST-0175,Melissa Anderson,melissa.anderson@email.com,PROD-9272,Perfume,Beauty,Nivea,50.07,2,100.14,5.0,2024-08-24,6722 Oak Ave,Chicago,IL,Australia,Bank Transfer,Cancelled,34
ORD-1133,CUST-0196,Steven Clark,steven.clark@email.com,PROD-9692,Hoodie,Clothing,Uniqlo,119.21,5,596.05,15.0,2024-05-16,7348 Oak Ave,San Antonio,TX,Canada,Credit Card,Completed,25
ORD-1802,CUST-0019,Donald Lee,donald.lee@email.com,PROD-7581,Data Science Handbook,Books,Pearson,41.33,4,165.32,25.0,2023-11-30,6333 Main St,New York,NY,Germany,Apple Pay,Completed,60
ORD-1757,CUST-0038,Sarah Perez,sarah.perez@email.com,PROD-4515,Tennis Racket,Sports,Adidas,81.17,1,81.17,,2023-06-03,9744 First St,Columbus,OH,USA,PayPal,Completed,33
ORD-1975,CUST-0184,Christopher Martinez,christopher.martinez@email.com,PROD-9870,Business Strategy,Books,Pearson,56.55,3,169.65,20.0,2023-07-15,419 Elm St,Indianapolis,IN,Australia,Credit Card,Processing,44
ORD-1186,CUST-0141,Christopher Hernandez,christopher.hernandez@email.com,PROD-9394,Vacuum Cleaner,Home & Garden,Cuisinart,166.98,5,834.9,25.0,2024-12-09,4860 Elm St,San Antonio,TX,Canada,Bank Transfer,Shipped,59
ORD-1042,CUST-0136,James Martin,james.martin@email.com,PROD-9743,Face Cream,Beauty,MAC,61.96,3,185.88,15.0,2024-11-27,,Los Angeles,CA,Germany,Bank Transfer,Shipped,45
ORD-1109,CUST-0141,Kimberly Martinez,,PROD-2579,Puzzle,Toys,Hasbro,57.19,2,114.38,20.0,2024-02-05,1394 Park Rd,Jacksonville,FL,UK,Debit Card,Cancelled,62
ORD-1880,CUST-0026,Michael Lee,michael.lee@email.com,PROD-1866,Lipstick,Beauty,Chanel,73.23,2,146.46,10.0,2024-09-15,9274 Second Ave,Philadelphia,PA,Germany,Bank Transfer,Pending,
ORD-1569,CUST-0097,William Lewis,william.lewis@email.com,PROD-9027,Machine Learning,Books,Wiley,34.86,3,104.58,25.0,2024-11-08,,Charlotte,NC,Canada,Apple Pay,Cancelled,54
ORD-2006,CUST-0078,Steven Johnson,,PROD-7785,Data Science Handbook,Books,Wiley,60.5,1,60.5,5.0,2024-07-15,,Seattle,WA,Germany,Bank Transfer,Cancelled,38
ORD-2033,CUST-0213,Jane Harris,jane.harris@email.com,PROD-6813,Perfume,Beauty,Nivea,105.09,5,525.45,0.0,2024-10-23,4767 Elm St,Dallas,TX,USA,Debit Card,Processing,41
ORD-2174,CUST-0020,Jane Hernandez,jane.hernandez@email.com,PROD-1774,Yoga Mat,Sports,Adidas,124.28,2,248.56,0.0,2025-04-01,3503 Park Rd,Los Angeles,CA,USA,Apple Pay,Pending,54
ORD-1484,CUST-0134,Paul Moore,paul.moore@email.com,PROD-8167,Data Science Handbook,Books,O'Reilly,10.81,5,54.05,20.0,2025-05-16,514 Elm St,Seattle,WA,USA,PayPal,Cancelled,67
ORD-1469,CUST-0162,Michael Martinez,,PROD-6153,Machine Learning,Books,Wiley,62.63,3,187.89,25.0,2025-04-12,8350 Main St,Houston,TX,UK,Apple Pay,Shipped,
ORD-1025,CUST-0274,John Robinson,john.robinson@email.com,PROD-3224,Running Shoes,Sports,Nike,262.72,2,525.44,,2024-06-14,5629 First St,Austin,TX,Canada,Bank Transfer,Cancelled,23
ORD-1683,CUST-0263,Steven Gonzalez,steven.gonzalez@email.com,PROD-4369,iPhone 14,Electronics,Sony,440.28,5,2201.4,10.0,2025-04-28,6013 First St,San Antonio,TX,Germany,Credit Card,Shipped,74
ORD-2161,CUST-0033,Daniel Smith,daniel.smith@email.com,PROD-2541,Jeans,Clothing,Nike,89.83,5,449.15,,2024-03-11,5012 Park Rd,Houston,TX,Canada,Debit Card,Cancelled,21
ORD-1778,CUST-0189,Jennifer Sanchez,jennifer.sanchez@email.com,PROD-3019,iPhone 14,Electronics,Dell,1748.14,5,8740.7,20.0,2024-03-17,7920 Park Rd,San Diego,CA,Canada,Credit Card,Processing,44
ORD-2031,CUST-0096,Ashley Ramirez,,PROD-9649,Perfume,Beauty,L'Oreal,68.19,2,136.38,0.0,2025-05-22,,Indianapolis,IN,Australia,Credit Card,Shipped,62
ORD-1367,CUST-0192,Jessica Martinez,jessica.martinez@email.com,PROD-7911,Action Figure,Toys,Hasbro,14.38,3,43.14,5.0,2023-11-26,5812 Main St,San Francisco,CA,USA,Credit Card,Cancelled,37
ORD-1870,CUST-0026,Donald Jackson,donald.jackson@email.com,PROD-2917,Jeans,Clothing,Adidas,17.76,2,35.52,0.0,2023-06-08,7210 First St,Chicago,IL,Germany,Credit Card,Completed,50
ORD-2120,CUST-0216,Andrew Robinson,andrew.robinson@email.com,PROD-2031,Jeans,Clothing,Zara,82.7,3,248.1,,2024-06-09,,San Antonio,TX,USA,PayPal,Completed,69
ORD-1384,CUST-0233,Matthew Hernandez,matthew.hernandez@email.com,PROD-2107,iPhone 14,Electronics,Apple,1206.13,2,2412.26,5.0,2025-03-05,7987 Elm St,Indianapolis,IN,UK,Apple Pay,Cancelled,26
ORD-1455,CUST-0030,Mark Clark,,PROD-1257,Data Science Handbook,Books,McGraw-Hill,47.62,5,238.1,,2025-04-26,9125 Oak Ave,Fort Worth,TX,UK,Debit Card,Shipped,31
ORD-1265,CUST-0257,David Miller,david.miller@email.com,PROD-3348,Dining Table,Home & Garden,Dyson,390.5,1,390.5,20.0,2025-04-14,7626 First St,Phoenix,AZ,Canada,Apple Pay,Completed,
ORD-1786,CUST-0012,Kimberly Thomas,kimberly.thomas@email.com,PROD-1501,Face Cream,Beauty,Chanel,99.15,2,198.3,10.0,2024-12-18,5437 Elm St,San Diego,CA,Germany,Apple Pay,Pending,75
ORD-2016,CUST-0047,Sarah Rodriguez,sarah.rodriguez@email.com,PROD-2513,LEGO Set,Toys,LEGO,44.6,2,89.2,5.0,2025-04-23,9635 Elm St,San Francisco,CA,Canada,Apple Pay,Processing,65
ORD-1445,CUST-0102,Michelle Perez,michelle.perez@email.com,PROD-3088,Dell Laptop,Electronics,Sony,683.53,4,2734.12,25.0,2024-06-24,446 Oak Ave,Phoenix,AZ,USA,PayPal,Pending,67
ORD-1396,CUST-0296,Anna Jones,anna.jones@email.com,PROD-6811,Face Cream,Beauty,Chanel,56.25,4,225.0,15.0,2025-04-29,480 Second Ave,Seattle,WA,UK,Credit Card,Shipped,39
ORD-2121,CUST-0217,Jane Lopez,jane.lopez@email.com,PROD-5189,Running Shoes,Sports,Wilson,104.62,2,209.24,10.0,2024-04-01,6250 Park Rd,Charlotte,NC,Germany,Bank Transfer,Shipped,
ORD-1177,CUST-0052,Andrew Rodriguez,andrew.rodriguez@email.com,PROD-2636,Bed Sheets,Home & Garden,Dyson,411.26,1,411.26,10.0,2025-04-15,1656 Main St,Austin,TX,Australia,Credit Card,Shipped,28
ORD-1019,CUST-0224,John Taylor,john.taylor@email.com,PROD-6410,Yoga Mat,Sports,Wilson,194.48,1,194.48,10.0,2024-10-23,4944 Second Ave,San Jose,CA,Australia,PayPal,Shipped,42
ORD-2063,CUST-0273,Andrew Rodriguez,andrew.rodriguez@email.com,PROD-2735,Sneakers,Clothing,Nike,26.62,2,53.24,10.0,2023-06-02,2386 Main St,Austin,TX,USA,Apple Pay,Completed,60
ORD-1844,CUST-0215,Michelle Hernandez,michelle.hernandez@email.com,PROD-4096,Gaming Mouse,Electronics,Asus,791.49,1,791.49,15.0,2023-08-24,8286 Elm St,Chicago,IL,Canada,Apple Pay,Pending,56
ORD-1596,CUST-0062,Mark Miller,mark.miller@email.com,PROD-9588,Dining Table,Home & Garden,IKEA,451.61,2,903.22,0.0,2024-07-04,4547 Second Ave,Houston,TX,UK,Apple Pay,Processing,69
ORD-1062,CUST-0253,Daniel Harris,daniel.harris@email.com,PROD-6296,Tennis Racket,Sports,Under Armour,261.99,3,785.97,0.0,2024-09-14,9789 Main St,Charlotte,NC,UK,Bank Transfer,Processing,
ORD-1273,CUST-0163,Jessica Jackson,jessica.jackson@email.com,PROD-6641,Lipstick,Beauty,Chanel,148.62,5,743.1,,2024-10-26,1122 Park Rd,Fort Worth,TX,Canada,Apple Pay,Completed,
ORD-2145,CUST-0268,Angela Garcia,angela.garcia@email.com,PROD-6243,Basketball,Sports,Adidas,240.28,5,1201.4,25.0,2024-10-30,2707 Oak Ave,Dallas,TX,USA,PayPal,Shipped,45
ORD-1279,CUST-0249,Michael Jones,michael.jones@email.com,PROD-5604,Board Game,Toys,Mattel,34.77,3,104.31,,2023-09-14,7417 Park Rd,Philadelphia,PA,Germany,PayPal,Pending,33
ORD-2025,CUST-0046,James Davis,,PROD-3440,Vacuum Cleaner,Home & Garden,Dyson,148.25,3,444.75,15.0,2023-08-16,2773 Park Rd,San Francisco,CA,Australia,Credit Card,Shipped,60
ORD-1695,CUST-0126,Angela Clark,angela.clark@email.com,PROD-4955,Dell Laptop,Electronics,Sony,1227.04,4,4908.16,,2024-04-04,6827 Main St,Seattle,WA,Australia,Credit Card,Shipped,61
ORD-1369,CUST-0227,Angela Rodriguez,angela.rodriguez@email.com,PROD-6061,Action Figure,Toys,LEGO,60.49,1,60.49,0.0,2023-12-06,9442 Second Ave,Seattle,WA,Germany,PayPal,Cancelled,19
ORD-1919,CUST-0183,Paul Jones,paul.jones@email.com,PROD-7021,Running Shoes,Sports,Nike,111.14,5,555.7,0.0,2023-06-29,3019 Elm St,New York,NY,Canada,PayPal,Completed,38
ORD-1849,CUST-0012,Jennifer Clark,jennifer.clark@email.com,PROD-2851,Python Programming,Books,Pearson,51.05,2,102.1,20.0,2025-03-08,1868 Oak Ave,Philadelphia,PA,Canada,PayPal,Cancelled,75
ORD-1891,CUST-0094,Brenda Lewis,brenda.lewis@email.com,PROD-6568,Toy Car,Toys,Mattel,12.88,3,38.64,,2024-10-08,2215 First St,Houston,TX,Australia,Apple Pay,Processing,
ORD-2005,CUST-0110,Emily Wilson,emily.wilson@email.com,PROD-6005,Basketball,Sports,,127.12,4,508.48,,2024-06-16,2546 Second Ave,San Antonio,TX,USA,Debit Card,Cancelled,28
ORD-1799,CUST-0088,Emily Davis,emily.davis@email.com,PROD-6998,Data Science Handbook,Books,O'Reilly,11.04,3,33.12,15.0,2023-09-07,1293 Second Ave,Dallas,TX,Australia,PayPal,Completed,26
ORD-1548,CUST-0148,Melissa Anderson,melissa.anderson@email.com,PROD-6225,Perfume,Beauty,L'Oreal,101.81,3,305.43,25.0,2023-10-01,3947 Main St,San Francisco,CA,Australia,Bank Transfer,Pending,74
ORD-1912,CUST-0104,Paul Johnson,paul.johnson@email.com,PROD-6994,T-Shirt,Clothing,Nike,171.94,5,859.7,0.0,2024-06-08,6496 Elm St,Dallas,TX,UK,Apple Pay,Pending,68
ORD-1689,CUST-0209,Emily Jackson,emily.jackson@email.com,PROD-9103,Bed Sheets,Home & Garden,Dyson,345.96,4,1383.84,15.0,2023-08-19,5976 Elm St,Dallas,TX,Canada,Debit Card,Cancelled,73
ORD-1933,CUST-0288,Daniel Gonzalez,daniel.gonzalez@email.com,PROD-8338,Tennis Racket,Sports,Spalding,186.06,3,558.18,0.0,2024-07-25,7089 Elm St,San Antonio,TX,Australia,Credit Card,Pending,20
ORD-1457,CUST-0036,David Williams,david.williams@email.com,PROD-3250,Kitchen Knife Set,Home & Garden,IKEA,370.21,1,370.21,15.0,2024-06-19,816 Oak Ave,New York,NY,USA,PayPal,Completed,58
ORD-1394,CUST-0103,James Miller,james.miller@email.com,PROD-3259,Machine Learning,Books,McGraw-Hill,79.89,5,399.45,0.0,2024-03-24,6716 First St,San Jose,CA,UK,Apple Pay,Completed,50
ORD-1676,CUST-0275,Robert Clark,robert.clark@email.com,PROD-1993,Dress,Clothing,Levi's,151.07,2,302.14,20.0,2024-03-07,278 Park Rd,San Diego,CA,Australia,Bank Transfer,Shipped,19
ORD-1945,CUST-0079,Jennifer Sanchez,jennifer.sanchez@email.com,PROD-2767,T-Shirt,Clothing,Adidas,54.87,1,54.87,5.0,2023-12-11,1209 Elm St,Dallas,TX,Australia,Credit Card,Cancelled,41
ORD-2000,CUST-0233,David Ramirez,david.ramirez@email.com,PROD-7961,Bed Sheets,Home & Garden,,407.87,5,2039.35,0.0,2024-06-18,3512 Second Ave,Dallas,TX,USA,Apple Pay,Processing,50
ORD-1376,CUST-0069,Mark Robinson,,PROD-7770,Coffee Maker,Home & Garden,IKEA,289.0,4,1156.0,20.0,2023-08-14,,Chicago,IL,Germany,Debit Card,Completed,70
ORD-1413,CUST-0247,Michael Hernandez,michael.hernandez@email.com,PROD-1069,Vacuum Cleaner,Home & Garden,Cuisinart,31.1,5,155.5,10.0,2024-10-07,6213 First St,Fort Worth,TX,Australia,Debit Card,Pending,55
ORD-1075,CUST-0255,Amanda Robinson,amanda.robinson@email.com,PROD-3957,Python Programming,Books,,48.18,3,144.54,,2024-04-22,7081 Oak Ave,San Jose,CA,UK,Debit Card,Pending,64
ORD-2141,CUST-0277,Jennifer White,jennifer.white@email.com,PROD-2134,Sony Headphones,Electronics,Asus,464.55,5,2322.75,,2024-08-08,8042 Second Ave,Chicago,IL,Germany,Debit Card,Shipped,39
ORD-1894,CUST-0291,James Jones,,PROD-8978,Coffee Maker,Home & Garden,,295.46,5,1477.3,,2023-06-11,9070 Main St,Fort Worth,TX,Germany,Credit Card,Processing,46
ORD-1501,CUST-0222,Sarah Perez,,PROD-1585,T-Shirt,Clothing,Adidas,121.42,2,242.84,,2023-09-03,6728 First St,Dallas,TX,Canada,Debit Card,Completed,70
ORD-1938,CUST-0245,Angela Robinson,angela.robinson@email.com,PROD-5418,Basketball,Sports,Under Armour,47.93,2,95.86,,2023-05-31,,Charlotte,NC,Canada,PayPal,Completed,66
ORD-1617,CUST-0238,Melissa Ramirez,melissa.ramirez@email.com,PROD-1012,Vacuum Cleaner,Home & Garden,West Elm,172.93,4,691.72,10.0,2023-10-01,1679 First St,Austin,TX,Germany,Debit Card,Processing,32
ORD-1115,CUST-0287,Andrew Davis,andrew.davis@email.com,PROD-5406,Hoodie,Clothing,H&M,70.71,4,282.84,,2023-11-10,8033 Main St,Columbus,OH,UK,Bank Transfer,Pending,64
ORD-1418,CUST-0109,Emily Miller,emily.miller@email.com,PROD-7698,Shorts,Clothing,Gap,96.54,5,482.7,,2025-03-04,6288 Main St,Philadelphia,PA,USA,Bank Transfer,Completed,55
ORD-1602,CUST-0081,James Taylor,james.taylor@email.com,PROD-5414,Sunscreen,Beauty,Chanel,40.48,3,121.44,10.0,2024-06-05,5898 Elm St,Phoenix,AZ,UK,Bank Transfer,Cancelled,54
ORD-1605,CUST-0031,Sarah Johnson,sarah.johnson@email.com,PROD-5657,Business Strategy,Books,McGraw-Hill,17.77,2,35.54,0.0,2024-04-19,9763 Park Rd,Columbus,OH,Canada,Apple Pay,Shipped,46
ORD-1090,CUST-0136,Jennifer Thomas,jennifer.thomas@email.com,PROD-5877,Sneakers,Clothing,Levi's,157.67,2,315.34,15.0,2024-04-11,4580 Park Rd,San Francisco,CA,UK,Credit Card,Processing,42
ORD-2168,CUST-0118,Anthony Smith,anthony.smith@email.com,PROD-6918,Action Figure,Toys,,34.84,1,34.84,15.0,2024-03-17,1975 Park Rd,San Antonio,TX,Canada,Apple Pay,Cancelled,47
ORD-1499,CUST-0217,Emily Perez,emily.perez@email.com,PROD-2756,Toy Car,Toys,LEGO,77.05,2,154.1,,2024-09-05,,Philadelphia,PA,UK,Apple Pay,Cancelled,25
ORD-1908,CUST-0214,Paul Robinson,paul.robinson@email.com,PROD-7456,LEGO Set,Toys,Fisher-Price,93.69,1,93.69,15.0,2024-05-27,4801 Park Rd,Jacksonville,FL,USA,Bank Transfer,Completed,45
ORD-1915,CUST-0123,John Anderson,john.anderson@email.com,PROD-2945,Data Science Handbook,Books,Pearson,28.6,4,114.4,,2024-03-10,9660 Oak Ave,Los Angeles,CA,UK,PayPal,Shipped,70
ORD-1913,CUST-0138,Angela Harris,angela.harris@email.com,PROD-4931,Lipstick,Beauty,Nivea,70.0,5,350.0,10.0,2024-06-28,6363 Main St,Fort Worth,TX,Germany,Debit Card,Shipped,26
ORD-1012,CUST-0030,Anthony White,anthony.white@email.com,PROD-8812,Lipstick,Beauty,,79.4,5,397.0,20.0,2023-08-13,3953 First St,Philadelphia,PA,USA,Credit Card,Processing,56
ORD-1397,CUST-0294,Anna Gonzalez,anna.gonzalez@email.com,PROD-4086,Jacket,Clothing,Nike,102.83,3,308.49,15.0,2025-03-07,9158 Oak Ave,San Jose,CA,USA,Credit Card,Processing,29
ORD-2123,CUST-0121,Robert Lewis,robert.lewis@email.com,PROD-8537,Tennis Racket,Sports,Wilson,130.88,1,130.88,15.0,2023-07-12,7935 First St,Philadelphia,PA,Canada,Credit Card,Processing,72
ORD-1556,CUST-0290,Jennifer Wilson,jennifer.wilson@email.com,PROD-9939,Data Science Handbook,Books,No Starch Press,44.99,2,89.98,25.0,2024-09-28,1434 Main St,Indianapolis,IN,Germany,Debit Card,Completed,66
ORD-1043,CUST-0052,Daniel Garcia,daniel.garcia@email.com,PROD-5807,iPhone 14,Electronics,Dell,749.0,4,2996.0,,2024-11-16,3050 Oak Ave,Columbus,OH,Germany,PayPal,Completed,42
ORD-1168,CUST-0019,Anthony Thompson,anthony.thompson@email.com,PROD-4644,Action Figure,Toys,Mattel,71.77,4,287.08,25.0,2024-05-24,9246 Oak Ave,Indianapolis,IN,UK,Bank Transfer,Completed,65
ORD-1417,CUST-0004,Emily Clark,emily.clark@email.com,PROD-9601,iPhone 14,Electronics,Asus,862.84,3,2588.52,5.0,2023-11-19,3344 First St,Jacksonville,FL,Canada,PayPal,Processing,46
ORD-1577,CUST-0247,Jane Rodriguez,jane.rodriguez@email.com,PROD-9477,Vacuum Cleaner,Home & Garden,Cuisinart,421.26,4,1685.04,10.0,2025-04-24,300 Oak Ave,Houston,TX,Australia,Bank Transfer,Shipped,42
ORD-1268,CUST-0026,Sarah Gonzalez,sarah.gonzalez@email.com,PROD-8305,Kitchen Knife Set,Home & Garden,Cuisinart,317.75,3,953.25,5.0,2025-05-22,7729 Second Ave,Seattle,WA,USA,PayPal,Completed,62
ORD-2061,CUST-0143,Emily Williams,emily.williams@email.com,PROD-5395,Vacuum Cleaner,Home & Garden,West Elm,329.44,5,1647.2,15.0,2024-05-07,6580 First St,Houston,TX,Germany,Credit Card,Shipped,
ORD-1427,CUST-0294,Michelle Lee,michelle.lee@email.com,PROD-6459,Bed Sheets,Home & Garden,,97.53,2,195.06,5.0,2025-05-09,6519 Park Rd,Los Angeles,CA,Canada,PayPal,Completed,39
ORD-1691,CUST-0282,Lisa Garcia,lisa.garcia@email.com,PROD-7117,Lipstick,Beauty,Chanel,85.88,4,343.52,15.0,2024-01-02,1843 Oak Ave,Jacksonville,FL,Australia,Debit Card,Shipped,75
ORD-1545,CUST-0039,James Garcia,james.garcia@email.com,PROD-2214,Web Development,Books,No Starch Press,59.48,3,178.44,0.0,2024-08-08,9245 Elm St,Houston,TX,Germany,Credit Card,Completed,55
ORD-2142,CUST-0285,William Brown,william.brown@email.com,PROD-5896,Dining Table,Home & Garden,Dyson,175.94,1,175.94,10.0,2024-06-12,332 Second Ave,San Francisco,CA,UK,Bank Transfer,Cancelled,32
ORD-1675,CUST-0137,Michael Anderson,michael.anderson@email.com,PROD-3345,Shorts,Clothing,Gap,82.3,1,82.3,5.0,2025-03-01,8006 Second Ave,New York,NY,UK,PayPal,Pending,49
ORD-1690,CUST-0022,James Taylor,james.taylor@email.com,PROD-3613,Shampoo,Beauty,Neutrogena,128.86,5,644.3,,2023-12-19,1933 Second Ave,Fort Worth,TX,USA,Apple Pay,Completed,54
ORD-2074,CUST-0024,Paul Rodriguez,paul.rodriguez@email.com,PROD-6574,LEGO Set,Toys,Fisher-Price,19.01,5,95.05,0.0,2024-10-10,3094 Main St,San Antonio,TX,Canada,PayPal,Pending,46
ORD-2196,CUST-0005,Michelle Smith,michelle.smith@email.com,PROD-5497,MacBook Pro,Electronics,Asus,266.9,2,533.8,,2024-06-13,4370 Main St,Indianapolis,IN,Australia,Apple Pay,Cancelled,24
ORD-2019,CUST-0010,Robert Lee,robert.lee@email.com,PROD-6308,LEGO Set,Toys,LEGO,78.64,3,235.92,0.0,2024-08-22,9885 Park Rd,Austin,TX,Australia,Bank Transfer,Processing,35
ORD-1972,CUST-0136,Jessica Hernandez,,PROD-1163,Yoga Mat,Sports,Under Armour,111.47,2,222.94,,2023-06-24,7615 Main St,Philadelphia,PA,Australia,Debit Card,Cancelled,56
ORD-1258,CUST-0076,Jane Lee,jane.lee@email.com,PROD-5890,Shorts,Clothing,Nike,76.26,1,76.26,,2024-07-22,9847 Second Ave,Philadelphia,PA,Canada,Apple Pay,Shipped,65
ORD-1336,CUST-0052,Paul Garcia,paul.garcia@email.com,PROD-9974,Running Shoes,Sports,Wilson,226.58,4,906.32,0.0,2025-03-09,2329 Main St,Philadelphia,PA,Australia,Debit Card,Shipped,38
ORD-1016,CUST-0077,Kimberly Johnson,kimberly.johnson@email.com,PROD-1686,Basketball,Sports,Adidas,106.31,1,106.31,5.0,2025-04-20,9273 First St,San Diego,CA,USA,Apple Pay,Shipped,33
ORD-1935,CUST-0106,Jane Thompson,jane.thompson@email.com,PROD-2805,Coffee Maker,Home & Garden,Cuisinart,101.72,2,203.44,25.0,2023-12-20,1383 Park Rd,Columbus,OH,UK,Apple Pay,Pending,57
ORD-1325,CUST-0181,Steven Martinez,steven.martinez@email.com,PROD-7004,Sony Headphones,Electronics,Apple,730.31,5,3651.55,,2025-02-21,5754 Park Rd,Austin,TX,Australia,Debit Card,Pending,
ORD-1608,CUST-0168,Helen Moore,helen.moore@email.com,PROD-2510,Dumbbell Set,Sports,Nike,292.78,1,292.78,20.0,2023-08-20,3227 Main St,Charlotte,NC,Germany,Debit Card,Pending,74
ORD-2073,CUST-0154,David Miller,david.miller@email.com,PROD-5714,Bed Sheets,Home & Garden,Dyson,80.24,2,160.48,15.0,2024-09-15,6984 Main St,Fort Worth,TX,Germany,Debit Card,Shipped,56
ORD-1817,CUST-0091,Helen Garcia,helen.garcia@email.com,PROD-6951,Kitchen Knife Set,Home & Garden,Dyson,291.97,3,875.91,15.0,2023-10-28,1578 Second Ave,Los Angeles,CA,UK,Debit Card,Cancelled,53
ORD-1223,CUST-0041,Robert Garcia,robert.garcia@email.com,PROD-1432,iPhone 14,Electronics,Sony,1553.32,5,7766.6,0.0,2023-09-06,6487 Park Rd,Dallas,TX,Germany,PayPal,Shipped,46
ORD-1180,CUST-0269,Steven White,steven.white@email.com,PROD-2561,Yoga Mat,Sports,Wilson,141.2,2,282.4,25.0,2025-04-14,9247 Second Ave,Fort Worth,TX,Canada,Credit Card,Completed,28
ORD-1100,CUST-0194,Christopher Williams,christopher.williams@email.com,PROD-6698,Sunscreen,Beauty,Nivea,24.85,5,124.25,5.0,2024-01-06,7685 Elm St,New York,NY,USA,Apple Pay,Cancelled,70
ORD-1758,CUST-0048,Helen Rodriguez,helen.rodriguez@email.com,PROD-5540,Yoga Mat,Sports,Nike,171.5,1,171.5,15.0,2023-12-30,8352 Second Ave,Columbus,OH,UK,PayPal,Processing,45
ORD-1522,CUST-0149,Brenda Clark,brenda.clark@email.com,PROD-3587,Lipstick,Beauty,L'Oreal,145.47,1,145.47,5.0,2024-11-03,1028 Second Ave,Indianapolis,IN,UK,Credit Card,Processing,34
ORD-1023,CUST-0172,James Lewis,james.lewis@email.com,PROD-3504,Jeans,Clothing,Adidas,145.69,1,145.69,10.0,2024-11-28,,Charlotte,NC,Australia,Debit Card,Cancelled,55
ORD-1357,CUST-0062,Kimberly Davis,kimberly.davis@email.com,PROD-5383,Machine Learning,Books,O'Reilly,72.74,5,363.7,0.0,2025-05-15,1917 Main St,Los Angeles,CA,Australia,Apple Pay,Processing,24
ORD-1734,CUST-0085,William Wilson,william.wilson@email.com,PROD-4933,Data Science Handbook,Books,O'Reilly,45.89,4,183.56,5.0,2023-11-23,6010 Elm St,Columbus,OH,USA,Bank Transfer,Processing,18
ORD-2156,CUST-0053,Steven Jones,steven.jones@email.com,PROD-9778,Lipstick,Beauty,L'Oreal,148.65,1,148.65,15.0,2024-11-19,7274 First St,Chicago,IL,USA,Apple Pay,Cancelled,73
ORD-1790,CUST-0029,Sarah Clark,sarah.clark@email.com,PROD-4168,Dining Table,Home & Garden,,411.8,3,1235.4,0.0,2023-07-11,4675 Main St,Chicago,IL,Australia,Bank Transfer,Processing,
ORD-1612,CUST-0102,Robert Harris,robert.harris@email.com,PROD-9302,LEGO Set,Toys,LEGO,92.2,5,461.0,,2023-12-23,5971 Elm St,Houston,TX,Australia,Bank Transfer,Cancelled,23
ORD-2038,CUST-0061,Ashley Jackson,ashley.jackson@email.com,PROD-2892,Data Science Handbook,Books,O'Reilly,68.71,3,206.13,15.0,2023-08-05,3664 Oak Ave,New York,NY,Australia,Bank Transfer,Completed,70
ORD-1341,CUST-0286,Jane Johnson,jane.johnson@email.com,PROD-1746,Jacket,Clothing,Zara,15.99,5,79.95,10.0,2024-06-30,9267 Main St,Jacksonville,FL,Canada,Apple Pay,Shipped,50
ORD-1432,CUST-0095,Christopher Clark,christopher.clark@email.com,PROD-9685,Dining Table,Home & Garden,West Elm,257.07,5,1285.35,20.0,2025-05-22,2022 Oak Ave,Houston,TX,Canada,Apple Pay,Shipped,
ORD-1809,CUST-0045,Paul Lopez,paul.lopez@email.com,PROD-2762,Python Programming,Books,McGraw-Hill,32.87,3,98.61,5.0,2023-11-16,6972 First St,Jacksonville,FL,Germany,Apple Pay,Completed,45
ORD-1218,CUST-0108,Christopher Jackson,christopher.jackson@email.com,PROD-5307,Business Strategy,Books,McGraw-Hill,26.6,4,106.4,10.0,2024-05-31,6966 Elm St,Philadelphia,PA,Australia,Bank Transfer,Pending,35
ORD-1204,CUST-0144,Robert Jones,robert.jones@email.com,PROD-7794,Business Strategy,Books,O'Reilly,66.78,1,66.78,15.0,2024-09-24,6832 Main St,San Antonio,TX,Germany,PayPal,Completed,55
ORD-1939,CUST-0168,Jessica Lewis,jessica.lewis@email.com,PROD-7764,Data Science Handbook,Books,McGraw-Hill,35.94,4,143.76,5.0,2023-09-28,,Los Angeles,CA,Canada,Bank Transfer,Pending,72
ORD-2171,CUST-0208,Mark Taylor,mark.taylor@email.com,PROD-1867,Data Science Handbook,Books,McGraw-Hill,38.46,5,192.3,0.0,2023-10-16,4104 Elm St,Columbus,OH,Germany,Credit Card,Pending,29
ORD-1094,CUST-0172,Jessica Anderson,jessica.anderson@email.com,PROD-3199,Basketball,Sports,Spalding,258.3,4,1033.2,0.0,2024-04-25,3150 Main St,Philadelphia,PA,Australia,Bank Transfer,Pending,66
ORD-1826,CUST-0059,Jennifer Harris,jennifer.harris@email.com,PROD-2713,iPhone 14,Electronics,Apple,302.53,2,605.06,,2025-02-13,5718 Elm St,Los Angeles,CA,Australia,Apple Pay,Cancelled,30
ORD-1069,CUST-0083,William Anderson,william.anderson@email.com,PROD-4638,Shorts,Clothing,H&M,166.09,3,498.27,15.0,2023-07-16,6426 Main St,Fort Worth,TX,Germany,Bank Transfer,Shipped,
ORD-1928,CUST-0035,Amanda Williams,amanda.williams@email.com,PROD-6607,Lipstick,Beauty,,54.85,3,164.55,,2025-04-08,9806 Oak Ave,Chicago,IL,Germany,Apple Pay,Pending,49
ORD-1285,CUST-0136,Emily Anderson,emily.anderson@email.com,PROD-9062,Dress,Clothing,H&M,35.06,5,175.3,5.0,2025-02-09,1792 Main St,Houston,TX,Australia,Credit Card,Completed,34
ORD-1697,CUST-0080,Paul Williams,paul.williams@email.com,PROD-3894,Vacuum Cleaner,Home & Garden,IKEA,391.92,1,391.92,5.0,2024-05-05,2002 Main St,San Francisco,CA,Canada,PayPal,Shipped,56
ORD-1086,CUST-0259,Daniel Harris,daniel.harris@email.com,PROD-2585,Toy Car,Toys,Playmobil,45.45,3,136.35,10.0,2023-10-17,8293 Main St,San Antonio,TX,Germany,Credit Card,Completed,39
ORD-1435,CUST-0184,William Jones,william.jones@email.com,PROD-7256,Coffee Maker,Home & Garden,West Elm,333.64,2,667.28,0.0,2024-02-07,1256 Elm St,Columbus,OH,Canada,Bank Transfer,Shipped,54
ORD-1869,CUST-0090,William Jones,william.jones@email.com,PROD-3667,Toy Car,Toys,Hasbro,56.93,2,113.86,0.0,2023-10-24,6520 Oak Ave,Houston,TX,Germany,Apple Pay,Shipped,51
ORD-1154,CUST-0108,Ashley Thompson,ashley.thompson@email.com,PROD-8180,Python Programming,Books,,61.28,2,122.56,15.0,2024-06-13,7955 Second Ave,Jacksonville,FL,Germany,PayPal,Shipped,69
ORD-1076,CUST-0181,Jennifer Wilson,jennifer.wilson@email.com,PROD-7656,LEGO Set,Toys,LEGO,42.7,2,85.4,5.0,2025-02-03,3966 Elm St,Charlotte,NC,USA,Bank Transfer,Pending,54
ORD-2062,CUST-0191,Ashley White,ashley.white@email.com,PROD-9335,Bed Sheets,Home & Garden,KitchenAid,324.04,4,1296.16,0.0,2023-10-15,7449 Oak Ave,New York,NY,Germany,Credit Card,Completed,28
ORD-1581,CUST-0141,Amanda Anderson,amanda.anderson@email.com,PROD-9578,Shorts,Clothing,Gap,120.28,1,120.28,,2024-06-07,1756 First St,Los Angeles,CA,Canada,Apple Pay,Completed,58
ORD-1447,CUST-0053,Donald White,donald.white@email.com,PROD-3437,Jeans,Clothing,Gap,57.44,2,114.88,10.0,2023-12-05,,Phoenix,AZ,Australia,PayPal,Completed,42
ORD-1704,CUST-0198,Steven Ramirez,steven.ramirez@email.com,PROD-3249,Basketball,Sports,Under Armour,151.41,1,151.41,10.0,2024-11-18,4222 Elm St,Indianapolis,IN,Germany,Bank Transfer,Pending,56
ORD-1189,CUST-0025,Brenda Gonzalez,brenda.gonzalez@email.com,PROD-5118,Board Game,Toys,,28.28,4,113.12,25.0,2025-05-13,9985 Oak Ave,Jacksonville,FL,Germany,PayPal,Pending,61
ORD-1272,CUST-0091,Jessica Gonzalez,jessica.gonzalez@email.com,PROD-7209,iPad Air,Electronics,Asus,688.45,1,688.45,,2023-10-12,7521 Second Ave,New York,NY,Canada,Bank Transfer,Cancelled,46
ORD-1237,CUST-0286,Melissa White,melissa.white@email.com,PROD-7998,Sunscreen,Beauty,MAC,133.36,2,266.72,20.0,2024-07-07,8847 Second Ave,Indianapolis,IN,UK,Debit Card,Pending,53
ORD-1488,CUST-0263,Steven Jones,steven.jones@email.com,PROD-3271,Python Programming,Books,,25.38,2,50.76,15.0,2023-12-13,4922 First St,Chicago,IL,UK,Debit Card,Cancelled,43
ORD-2179,CUST-0298,Donald Thompson,donald.thompson@email.com,PROD-6556,Vacuum Cleaner,Home & Garden,West Elm,380.27,2,760.54,25.0,2024-06-23,1791 Park Rd,San Francisco,CA,Germany,Debit Card,Completed,47
ORD-1560,CUST-0141,Jessica Clark,jessica.clark@email.com,PROD-7608,Dining Table,Home & Garden,Dyson,468.8,5,2344.0,25.0,2023-12-16,3646 Park Rd,Chicago,IL,Germany,PayPal,Pending,26
ORD-1118,CUST-0124,William Perez,william.perez@email.com,PROD-8852,Kitchen Knife Set,Home & Garden,IKEA,301.57,5,1507.85,25.0,2024-07-24,5990 Elm St,Seattle,WA,USA,Apple Pay,Processing,23
ORD-1638,CUST-0156,James Davis,james.davis@email.com,PROD-6153,Tennis Racket,Sports,Adidas,261.57,5,1307.85,,2024-05-23,8779 First St,Houston,TX,USA,PayPal,Shipped,56
ORD-1047,CUST-0116,Anna Perez,anna.perez@email.com,PROD-7465,Dining Table,Home & Garden,Dyson,31.61,5,158.05,,2024-06-03,6186 Main St,Dallas,TX,Germany,PayPal,Cancelled,
ORD-1751,CUST-0074,David White,david.white@email.com,PROD-7736,Gaming Mouse,Electronics,Dell,788.51,5,3942.55,15.0,2025-04-01,5886 Oak Ave,San Antonio,TX,Canada,PayPal,Cancelled,35
ORD-1513,CUST-0080,Jessica Lee,jessica.lee@email.com,PROD-4289,Gaming Mouse,Electronics,Sony,273.68,1,273.68,0.0,2024-11-05,7861 Main St,Houston,TX,Canada,Apple Pay,Cancelled,25
ORD-1634,CUST-0141,John Thomas,john.thomas@email.com,PROD-8215,Shampoo,Beauty,Nivea,100.0,2,200.0,,2024-03-21,8017 First St,San Diego,CA,USA,Debit Card,Processing,54
ORD-1812,CUST-0086,David Thomas,david.thomas@email.com,PROD-6563,Dumbbell Set,Sports,Wilson,225.21,4,900.84,10.0,2025-05-21,5089 Second Ave,San Jose,CA,Canada,Credit Card,Completed,45
ORD-2035,CUST-0015,Kimberly Thompson,kimberly.thompson@email.com,PROD-3534,Toy Car,Toys,Fisher-Price,21.68,2,43.36,20.0,2025-03-01,2076 Second Ave,Fort Worth,TX,UK,PayPal,Cancelled,32
ORD-2054,CUST-0167,Sarah Thompson,sarah.thompson@email.com,PROD-3589,Sunscreen,Beauty,Nivea,148.77,4,595.08,0.0,2023-11-02,882 Park Rd,Houston,TX,Australia,Apple Pay,Cancelled,
ORD-1127,CUST-0179,Anna Clark,anna.clark@email.com,PROD-6745,LEGO Set,Toys,Hasbro,87.49,5,437.45,5.0,2025-02-11,1072 Second Ave,Phoenix,AZ,Canada,Bank Transfer,Processing,52
ORD-1791,CUST-0165,Jane Anderson,jane.anderson@email.com,PROD-8264,Shorts,Clothing,Uniqlo,133.78,2,267.56,,2024-06-03,8214 First St,San Diego,CA,UK,Debit Card,Processing,28
ORD-1117,CUST-0252,Anthony Sanchez,anthony.sanchez@email.com,PROD-4274,Bed Sheets,Home & Garden,KitchenAid,306.31,5,1531.55,20.0,2023-06-19,4873 Elm St,Charlotte,NC,Canada,Credit Card,Cancelled,26
ORD-1474,CUST-0038,Ashley Gonzalez,ashley.gonzalez@email.com,PROD-9768,Face Cream,Beauty,MAC,135.82,4,543.28,,2023-11-23,3368 First St,Houston,TX,Australia,Bank Transfer,Completed,56
ORD-1741,CUST-0045,Michael Garcia,michael.garcia@email.com,PROD-4182,Dress,Clothing,Gap,103.56,3,310.68,,2024-06-24,6693 Oak Ave,Columbus,OH,USA,PayPal,Shipped,48
ORD-2030,CUST-0092,Angela Williams,angela.williams@email.com,PROD-7639,Business Strategy,Books,Wiley,38.36,1,38.36,0.0,2023-09-03,6179 Park Rd,Los Angeles,CA,Canada,PayPal,Pending,
ORD-1058,CUST-0227,Melissa Rodriguez,melissa.rodriguez@email.com,PROD-5641,Running Shoes,Sports,Wilson,209.9,5,1049.5,25.0,2024-04-02,9919 Main St,Los Angeles,CA,Canada,Credit Card,Shipped,31
ORD-1604,CUST-0286,Kimberly White,kimberly.white@email.com,PROD-5489,Dress,Clothing,Levi's,34.76,2,69.52,25.0,2024-09-25,6490 Elm St,San Francisco,CA,USA,Debit Card,Shipped,56
ORD-1787,CUST-0071,Lisa Lewis,lisa.lewis@email.com,PROD-1051,Gaming Mouse,Electronics,Asus,1799.64,4,7198.56,0.0,2023-10-15,,Columbus,OH,UK,PayPal,Cancelled,40
ORD-2007,CUST-0050,Michelle Davis,michelle.davis@email.com,PROD-8560,Toy Car,Toys,,29.46,4,117.84,,2023-06-27,1888 Oak Ave,Charlotte,NC,Canada,Apple Pay,Cancelled,65
ORD-1657,CUST-0212,Jane Miller,jane.miller@email.com,PROD-8075,Yoga Mat,Sports,Spalding,70.49,4,281.96,,2023-12-20,4578 Elm St,Fort Worth,TX,Germany,Apple Pay,Shipped,54
ORD-1936,CUST-0292,Steven Hernandez,steven.hernandez@email.com,PROD-5064,Machine Learning,Books,Wiley,30.9,3,92.7,10.0,2024-01-04,5102 Second Ave,San Jose,CA,UK,Credit Card,Cancelled,56
ORD-2113,CUST-0030,Anna Moore,anna.moore@email.com,PROD-2041,Shampoo,Beauty,,49.08,1,49.08,20.0,2024-05-04,8061 First St,San Diego,CA,Germany,Debit Card,Shipped,29
ORD-1106,CUST-0255,Daniel Brown,daniel.brown@email.com,PROD-7074,Perfume,Beauty,MAC,52.43,1,52.43,5.0,2023-10-19,9668 Second Ave,New York,NY,UK,Debit Card,Pending,39
ORD-1636,CUST-0260,Donald Thomas,donald.thomas@email.com,PROD-6708,Gaming Mouse,Electronics,Asus,1449.25,5,7246.25,5.0,2024-09-10,7640 Second Ave,Dallas,TX,Germany,Debit Card,Cancelled,22
ORD-1370,CUST-0273,Emily Smith,emily.smith@email.com,PROD-8279,Jeans,Clothing,Gap,30.66,5,153.3,15.0,2025-01-15,481 Park Rd,Los Angeles,CA,Australia,Debit Card,Shipped,73
ORD-1269,CUST-0234,Jessica Perez,jessica.perez@email.com,PROD-4667,Puzzle,Toys,Fisher-Price,22.93,5,114.65,10.0,2024-06-27,5420 First St,Philadelphia,PA,UK,Debit Card,Completed,
ORD-1656,CUST-0106,Ashley Miller,ashley.miller@email.com,PROD-8592,Yoga Mat,Sports,Under Armour,173.5,4,694.0,10.0,2023-12-27,8993 Elm St,Fort Worth,TX,Canada,Debit Card,Pending,67
ORD-1820,CUST-0063,Michelle White,michelle.white@email.com,PROD-7441,Perfume,Beauty,Nivea,49.16,1,49.16,10.0,2024-02-06,2008 Oak Ave,San Francisco,CA,Germany,Debit Card,Processing,73
ORD-1823,CUST-0191,Lisa Taylor,lisa.taylor@email.com,PROD-1998,Hoodie,Clothing,Levi's,162.76,1,162.76,10.0,2024-03-27,9482 Second Ave,San Diego,CA,Australia,Bank Transfer,Completed,40
ORD-1047,CUST-0116,Anna Perez,anna.perez@email.com,PROD-7465,Dining Table,Home & Garden,Dyson,31.61,5,158.05,,2024-06-03,6186 Main St,Dallas,TX,Germany,PayPal,Cancelled,
ORD-1350,CUST-0042,Steven Taylor,,PROD-7439,Perfume,Beauty,Nivea,14.43,4,57.72,10.0,2024-04-08,4442 Park Rd,Charlotte,NC,Australia,PayPal,Shipped,65
ORD-1774,CUST-0092,Paul Rodriguez,paul.rodriguez@email.com,PROD-2009,Jacket,Clothing,Levi's,139.63,3,418.89,,2025-04-25,3641 Oak Ave,Los Angeles,CA,UK,Bank Transfer,Shipped,34
ORD-1196,CUST-0274,Ashley Jones,ashley.jones@email.com,PROD-3361,Toy Car,Toys,Mattel,36.83,3,110.49,0.0,2024-12-09,182 Second Ave,Seattle,WA,Canada,Apple Pay,Cancelled,23
ORD-1103,CUST-0196,Helen Taylor,helen.taylor@email.com,PROD-4013,Kitchen Knife Set,Home & Garden,Cuisinart,383.35,4,1533.4,5.0,2024-03-25,9314 First St,Phoenix,AZ,Australia,Debit Card,Processing,42
ORD-1005,CUST-0074,William Jones,william.jones@email.com,PROD-8020,Basketball,Sports,Wilson,271.39,4,1085.56,5.0,2024-10-25,1896 Oak Ave,San Francisco,CA,USA,PayPal,Cancelled,42
ORD-1620,CUST-0296,Christopher Anderson,christopher.anderson@email.com,PROD-2931,Dining Table,Home & Garden,Dyson,378.86,5,1894.3,10.0,2023-11-29,8084 Second Ave,Dallas,TX,UK,Debit Card,Completed,39
ORD-1572,CUST-0234,Anthony Jackson,anthony.jackson@email.com,PROD-5139,Perfume,Beauty,Chanel,110.72,5,553.6,25.0,2024-07-06,3938 Second Ave,San Jose,CA,USA,Credit Card,Cancelled,35
ORD-1053,CUST-0228,Michael Lewis,michael.lewis@email.com,PROD-9985,Yoga Mat,Sports,Nike,219.4,4,877.6,20.0,2024-03-19,1724 Elm St,Charlotte,NC,Germany,Credit Card,Processing,31
ORD-1264,CUST-0060,Anna Sanchez,anna.sanchez@email.com,PROD-2423,Lipstick,Beauty,L'Oreal,78.58,2,157.16,10.0,2023-12-30,6231 Main St,Indianapolis,IN,UK,PayPal,Completed,19
ORD-2112,CUST-0096,Lisa Brown,lisa.brown@email.com,PROD-8452,Perfume,Beauty,L'Oreal,121.42,2,242.84,,2024-04-08,214 First St,San Diego,CA,Germany,Debit Card,Pending,35
ORD-1444,CUST-0187,Melissa Lewis,melissa.lewis@email.com,PROD-8199,Board Game,Toys,LEGO,24.57,3,73.71,0.0,2024-05-24,759 Oak Ave,San Antonio,TX,USA,Debit Card,Cancelled,75
ORD-2008,CUST-0039,Mark Gonzalez,mark.gonzalez@email.com,PROD-5160,T-Shirt,Clothing,Nike,73.5,3,220.5,0.0,2024-10-11,1220 First St,Houston,TX,Germany,Credit Card,Cancelled,33
ORD-1783,CUST-0192,Jennifer White,jennifer.white@email.com,PROD-1296,iPad Air,Electronics,Dell,1231.08,1,1231.08,20.0,2025-01-06,3078 Main St,Chicago,IL,UK,Debit Card,Pending,28
ORD-1838,CUST-0135,Anthony Davis,anthony.davis@email.com,PROD-5417,Running Shoes,Sports,Under Armour,180.77,3,542.31,25.0,2023-07-29,,Austin,TX,Canada,Apple Pay,Processing,69
ORD-1986,CUST-0221,William Lewis,william.lewis@email.com,PROD-1476,Basketball,Sports,Under Armour,213.06,1,213.06,,2025-01-21,9560 Main St,Seattle,WA,UK,Apple Pay,Shipped,61
ORD-1692,CUST-0001,Andrew Sanchez,andrew.sanchez@email.com,PROD-2184,LEGO Set,Toys,Fisher-Price,72.54,3,217.62,15.0,2024-03-28,3229 Main St,San Antonio,TX,Germany,Credit Card,Completed,31
ORD-1305,CUST-0025,David Lopez,david.lopez@email.com,PROD-5674,Dress,Clothing,Adidas,48.72,2,97.44,25.0,2025-04-04,774 Park Rd,Phoenix,AZ,Canada,Apple Pay,Shipped,41
ORD-1342,CUST-0174,Andrew Anderson,andrew.anderson@email.com,PROD-2915,Business Strategy,Books,Wiley,31.93,2,63.86,10.0,2024-05-26,4412 Second Ave,Columbus,OH,UK,Bank Transfer,Processing,75
ORD-1899,CUST-0045,Emily Jackson,emily.jackson@email.com,PROD-1761,Puzzle,Toys,Mattel,30.79,2,61.58,5.0,2023-05-31,8630 Oak Ave,Phoenix,AZ,Australia,Credit Card,Pending,47
ORD-1314,CUST-0050,Kimberly Jackson,kimberly.jackson@email.com,PROD-7112,T-Shirt,Clothing,Adidas,159.08,4,636.32,5.0,2023-09-04,3187 Second Ave,San Antonio,TX,Canada,Apple Pay,Processing,63
ORD-1150,CUST-0122,Anthony Hernandez,anthony.hernandez@email.com,PROD-6762,Lipstick,Beauty,,142.55,5,712.75,,2023-12-01,8135 Main St,San Francisco,CA,Germany,Credit Card,Completed,32
ORD-1125,CUST-0005,Michelle Jones,michelle.jones@email.com,PROD-7704,Dining Table,Home & Garden,West Elm,350.23,4,1400.92,15.0,2024-10-04,3713 Park Rd,Philadelphia,PA,USA,Credit Card,Pending,36
ORD-2082,CUST-0169,Lisa Martin,lisa.martin@email.com,PROD-7795,Dell Laptop,Electronics,Sony,448.48,2,896.96,25.0,2025-02-13,494 Elm St,Indianapolis,IN,Australia,Bank Transfer,Pending,72
ORD-1575,CUST-0238,Donald Davis,donald.davis@email.com,PROD-3188,Dell Laptop,Electronics,Samsung,829.77,3,2489.31,25.0,2024-07-30,8100 Elm St,Fort Worth,TX,Germany,Apple Pay,Completed,56
ORD-1698,CUST-0225,Michelle Lopez,michelle.lopez@email.com,PROD-7035,Coffee Maker,Home & Garden,West Elm,326.55,1,326.55,0.0,2024-03-03,1196 Main St,Columbus,OH,Germany,Credit Card,Pending,60
ORD-1665,CUST-0122,Steven Williams,steven.williams@email.com,PROD-6590,iPad Air,Electronics,Apple,1746.81,5,8734.05,,2025-01-08,1833 Second Ave,Charlotte,NC,UK,Credit Card,Completed,30
ORD-1051,CUST-0076,Helen Lewis,helen.lewis@email.com,PROD-3859,Data Science Handbook,Books,Pearson,17.69,1,17.69,,2024-05-23,2954 Park Rd,San Diego,CA,Germany,Credit Card,Shipped,51
ORD-1727,CUST-0247,Brenda Perez,brenda.perez@email.com,PROD-8081,Python Programming,Books,Wiley,20.78,4,83.12,10.0,2024-06-05,8158 First St,Houston,TX,UK,Apple Pay,Shipped,72
ORD-1800,CUST-0204,Daniel Harris,daniel.harris@email.com,PROD-5400,Sony Headphones,Electronics,Logitech,508.68,5,2543.4,10.0,2024-12-02,719 Park Rd,New York,NY,Canada,Credit Card,Processing,32
ORD-1834,CUST-0007,Matthew Brown,matthew.brown@email.com,PROD-1500,Lipstick,Beauty,Chanel,131.32,1,131.32,25.0,2023-07-24,795 First St,Charlotte,NC,USA,Debit Card,Completed,47
ORD-1354,CUST-0019,Michelle Gonzalez,michelle.gonzalez@email.com,PROD-1995,Basketball,Sports,Spalding,167.93,4,671.72,20.0,2023-07-27,2015 First St,Dallas,TX,Australia,Apple Pay,Pending,45
ORD-2172,CUST-0101,John Gonzalez,,PROD-9229,Jeans,Clothing,Nike,94.87,3,284.61,25.0,2024-04-30,2362 Oak Ave,New York,NY,UK,Bank Transfer,Completed,
ORD-1143,CUST-0044,Anthony Brown,anthony.brown@email.com,PROD-2021,Perfume,Beauty,L'Oreal,69.77,2,139.54,10.0,2024-04-09,4555 Oak Ave,Fort Worth,TX,UK,Credit Card,Shipped,67
ORD-1471,CUST-0068,James Martinez,james.martinez@email.com,PROD-7351,Puzzle,Toys,LEGO,31.52,5,157.6,5.0,2024-12-23,2436 Park Rd,San Francisco,CA,USA,Apple Pay,Completed,47
ORD-1654,CUST-0252,Jennifer Rodriguez,jennifer.rodriguez@email.com,PROD-3510,Perfume,Beauty,Chanel,72.5,3,217.5,10.0,2025-03-05,2726 Park Rd,Philadelphia,PA,Australia,Credit Card,Cancelled,27
ORD-1400,CUST-0292,Andrew Thomas,andrew.thomas@email.com,PROD-8477,Running Shoes,Sports,Nike,117.1,3,351.3,5.0,2024-07-21,7179 First St,San Diego,CA,Canada,Debit Card,Shipped,24
ORD-1931,CUST-0174,Donald Jackson,donald.jackson@email.com,PROD-7888,Basketball,Sports,Spalding,118.68,2,237.36,25.0,2024-12-28,1602 Elm St,San Jose,CA,Canada,Debit Card,Pending,19
ORD-1949,CUST-0275,Anna Robinson,anna.robinson@email.com,PROD-2051,Puzzle,Toys,Hasbro,26.19,3,78.57,20.0,2025-04-26,8845 Park Rd,Austin,TX,Australia,Bank Transfer,Processing,27
ORD-1321,CUST-0087,Michael Lopez,michael.lopez@email.com,PROD-7624,Data Science Handbook,Books,No Starch Press,18.59,4,74.36,10.0,2025-05-22,9982 First St,Dallas,TX,Australia,Debit Card,Processing,67
ORD-1020,CUST-0292,Jessica Gonzalez,jessica.gonzalez@email.com,PROD-6280,MacBook Pro,Electronics,Dell,956.73,4,3826.92,20.0,2024-09-18,5591 Main St,Philadelphia,PA,USA,PayPal,Pending,30
ORD-1685,CUST-0016,Jennifer Johnson,jennifer.johnson@email.com,PROD-3614,Python Programming,Books,McGraw-Hill,16.81,3,50.43,5.0,2024-07-29,466 Park Rd,Jacksonville,FL,USA,Credit Card,Completed,34
ORD-1036,CUST-0222,Angela Hernandez,angela.hernandez@email.com,PROD-1340,iPhone 14,Electronics,Samsung,1999.17,3,5997.51,5.0,2024-09-15,3073 Second Ave,Indianapolis,IN,Australia,Debit Card,Cancelled,48
ORD-1825,CUST-0101,Brenda Smith,brenda.smith@email.com,PROD-9190,Coffee Maker,Home & Garden,Cuisinart,69.14,1,69.14,,2023-07-11,2678 Main St,Phoenix,AZ,Canada,Debit Card,Cancelled,60
ORD-1506,CUST-0279,Andrew Robinson,andrew.robinson@email.com,PROD-6716,Yoga Mat,Sports,Wilson,268.64,4,1074.56,10.0,2024-04-03,5724 Second Ave,San Antonio,TX,USA,Credit Card,Cancelled,54
ORD-1828,CUST-0203,Mark Taylor,mark.taylor@email.com,PROD-3206,Python Programming,Books,No Starch Press,20.51,3,61.53,0.0,2025-01-17,5833 Elm St,San Antonio,TX,UK,Debit Card,Completed,65
ORD-2090,CUST-0016,Lisa Ramirez,,PROD-6553,Dress,Clothing,Levi's,191.01,2,382.02,15.0,2025-02-27,8944 Main St,Dallas,TX,USA,Debit Card,Processing,64
ORD-1408,CUST-0230,Christopher Taylor,christopher.taylor@email.com,PROD-1218,Dress,Clothing,Levi's,58.03,5,290.15,0.0,2024-04-03,1400 Main St,San Diego,CA,Australia,PayPal,Pending,30
ORD-1818,CUST-0053,Christopher Johnson,christopher.johnson@email.com,PROD-8681,Hoodie,Clothing,H&M,47.48,4,189.92,5.0,2024-08-18,3149 Main St,San Antonio,TX,Germany,Bank Transfer,Shipped,54
ORD-1867,CUST-0034,Michelle Martin,michelle.martin@email.com,PROD-6252,Dining Table,Home & Garden,,139.44,5,697.2,,2024-11-22,4285 Second Ave,Charlotte,NC,Germany,Debit Card,Processing,45
ORD-1538,CUST-0248,Jennifer Davis,jennifer.davis@email.com,PROD-3053,Vacuum Cleaner,Home & Garden,West Elm,464.72,2,929.44,15.0,2025-04-12,4800 Park Rd,Phoenix,AZ,Germany,Bank Transfer,Completed,
ORD-1759,CUST-0183,Steven Anderson,steven.anderson@email.com,PROD-1350,T-Shirt,Clothing,Uniqlo,138.45,2,276.9,5.0,2024-01-17,3525 Oak Ave,Los Angeles,CA,Canada,PayPal,Pending,60
ORD-2088,CUST-0271,Anthony Ramirez,anthony.ramirez@email.com,PROD-5139,iPhone 14,Electronics,Sony,1770.84,5,8854.2,25.0,2023-10-15,3372 First St,Indianapolis,IN,USA,Credit Card,Completed,56
ORD-1926,CUST-0246,Anna Sanchez,anna.sanchez@email.com,PROD-7502,LEGO Set,Toys,,71.53,4,286.12,5.0,2023-05-29,9256 Park Rd,San Francisco,CA,UK,Credit Card,Processing,18
ORD-1039,CUST-0061,Mark Clark,mark.clark@email.com,PROD-7808,Lipstick,Beauty,Neutrogena,126.53,4,506.12,20.0,2023-10-18,8427 Elm St,Fort Worth,TX,Canada,PayPal,Completed,68
ORD-1176,CUST-0104,Amanda Thompson,amanda.thompson@email.com,PROD-4403,T-Shirt,Clothing,Levi's,142.32,4,569.28,0.0,2023-06-05,8195 Oak Ave,Chicago,IL,USA,Credit Card,Processing,
ORD-1246,CUST-0103,Helen Thompson,helen.thompson@email.com,PROD-2092,Dell Laptop,Electronics,HP,807.86,3,2423.58,25.0,2024-05-25,6432 Oak Ave,Houston,TX,USA,Debit Card,Processing,24
ORD-1811,CUST-0245,John Rodriguez,john.rodriguez@email.com,PROD-6707,Shorts,Clothing,Levi's,89.41,2,178.82,20.0,2024-08-03,9661 Second Ave,Columbus,OH,USA,Debit Card,Cancelled,35
ORD-2104,CUST-0295,Steven Perez,steven.perez@email.com,PROD-2163,Samsung Galaxy S23,Electronics,HP,1202.03,5,6010.15,5.0,2024-09-04,3112 Park Rd,Los Angeles,CA,Canada,Bank Transfer,Pending,36
ORD-1998,CUST-0287,Kimberly Smith,kimberly.smith@email.com,PROD-7877,T-Shirt,Clothing,Zara,53.58,2,107.16,20.0,2023-09-04,7526 Main St,Dallas,TX,UK,Apple Pay,Processing,38
ORD-1785,CUST-0128,David Hernandez,david.hernandez@email.com,PROD-4186,Python Programming,Books,No Starch Press,76.73,2,153.46,,2024-01-06,7143 First St,San Jose,CA,Canada,Apple Pay,Processing,21
ORD-1962,CUST-0270,Sarah Lee,sarah.lee@email.com,PROD-1327,Shampoo,Beauty,L'Oreal,16.1,4,64.4,0.0,2025-04-26,,Philadelphia,PA,USA,Bank Transfer,Shipped,52
ORD-1490,CUST-0181,Amanda Lewis,amanda.lewis@email.com,PROD-9379,Dell Laptop,Electronics,Samsung,543.47,4,2173.88,25.0,2024-11-16,,Jacksonville,FL,Australia,PayPal,Pending,29
ORD-1155,CUST-0151,John Hernandez,john.hernandez@email.com,PROD-7152,iPhone 14,Electronics,Dell,363.76,1,363.76,0.0,2024-05-03,2803 Second Ave,San Francisco,CA,USA,Debit Card,Shipped,
ORD-1639,CUST-0092,Paul Garcia,,PROD-7612,Coffee Maker,Home & Garden,Dyson,297.65,4,1190.6,15.0,2025-05-05,3098 Main St,San Francisco,CA,Canada,Bank Transfer,Pending,45
ORD-1663,CUST-0042,James Moore,,PROD-1315,Toy Car,Toys,LEGO,37.24,2,74.48,15.0,2024-06-23,5599 Park Rd,Los Angeles,CA,UK,Apple Pay,Cancelled,39
ORD-1854,CUST-0093,Jane Ramirez,jane.ramirez@email.com,PROD-7251,Bed Sheets,Home & Garden,Cuisinart,447.35,1,447.35,0.0,2024-09-19,1113 Oak Ave,Chicago,IL,Australia,Apple Pay,Processing,53
ORD-1288,CUST-0184,Michelle Williams,michelle.williams@email.com,PROD-1416,Vacuum Cleaner,Home & Garden,,366.88,5,1834.4,15.0,2023-07-26,7461 Main St,Seattle,WA,UK,Credit Card,Pending,
ORD-1626,CUST-0064,Kimberly White,kimberly.white@email.com,PROD-6594,T-Shirt,Clothing,Gap,176.92,1,176.92,10.0,2023-09-15,8083 Park Rd,Charlotte,NC,Australia,PayPal,Processing,64
ORD-2146,CUST-0185,Angela Moore,angela.moore@email.com,PROD-8874,Dumbbell Set,Sports,Adidas,101.91,5,509.55,15.0,2023-12-06,9772 Oak Ave,New York,NY,Australia,Credit Card,Pending,
ORD-1686,CUST-0105,Sarah Robinson,sarah.robinson@email.com,PROD-2845,Face Cream,Beauty,Chanel,20.23,2,40.46,20.0,2025-05-03,9327 First St,Seattle,WA,UK,Credit Card,Shipped,43
ORD-2036,CUST-0215,Kimberly Ramirez,kimberly.ramirez@email.com,PROD-1245,Samsung Galaxy S23,Electronics,Asus,1363.79,5,6818.95,10.0,2024-09-10,,Indianapolis,IN,USA,Bank Transfer,Pending,67
ORD-1905,CUST-0066,Donald Lewis,donald.lewis@email.com,PROD-3141,Data Science Handbook,Books,O'Reilly,45.23,4,180.92,0.0,2024-07-12,1041 Park Rd,Dallas,TX,Australia,Apple Pay,Shipped,46
ORD-1570,CUST-0223,Amanda Lee,amanda.lee@email.com,PROD-9254,Board Game,Toys,Hasbro,59.65,3,178.95,,2023-12-24,615 Main St,Dallas,TX,Canada,Apple Pay,Shipped,47
ORD-2163,CUST-0300,Christopher Thompson,christopher.thompson@email.com,PROD-8413,Sony Headphones,Electronics,Samsung,946.38,5,4731.9,15.0,2024-07-19,,Columbus,OH,USA,Bank Transfer,Cancelled,35
ORD-1735,CUST-0257,Robert Miller,robert.miller@email.com,PROD-9663,Sunscreen,Beauty,MAC,149.1,5,745.5,5.0,2024-08-10,9782 Second Ave,Los Angeles,CA,Australia,Bank Transfer,Processing,47
ORD-1793,CUST-0269,Lisa Moore,lisa.moore@email.com,PROD-2462,Jeans,Clothing,Adidas,188.39,3,565.17,5.0,2023-12-16,9024 Main St,Jacksonville,FL,Australia,Debit Card,Completed,75
ORD-1018,CUST-0036,Steven Rodriguez,steven.rodriguez@email.com,PROD-1453,Tennis Racket,Sports,Under Armour,52.3,3,156.9,10.0,2023-07-01,5239 First St,Houston,TX,Germany,Apple Pay,Processing,75
ORD-1128,CUST-0150,Jessica Jackson,jessica.jackson@email.com,PROD-7744,Toy Car,Toys,LEGO,92.69,3,278.07,5.0,2025-05-10,5377 Oak Ave,Phoenix,AZ,Canada,Debit Card,Cancelled,58
ORD-1323,CUST-0255,Michelle Taylor,michelle.taylor@email.com,PROD-1518,Business Strategy,Books,,79.35,1,79.35,10.0,2024-06-11,,Charlotte,NC,Australia,PayPal,Processing,67
ORD-1256,CUST-0195,Jane Harris,jane.harris@email.com,PROD-3370,Business Strategy,Books,Pearson,22.52,1,22.52,10.0,2024-08-21,2255 Oak Ave,San Jose,CA,Canada,Credit Card,Processing,18
ORD-1978,CUST-0151,Daniel Sanchez,,PROD-5974,Bed Sheets,Home & Garden,KitchenAid,282.06,3,846.18,5.0,2025-01-27,3897 Second Ave,Columbus,OH,UK,PayPal,Pending,
ORD-2199,CUST-0060,Ashley Lopez,ashley.lopez@email.com,PROD-6686,iPad Air,Electronics,Apple,1350.68,3,4052.04,15.0,2023-10-19,225 First St,Philadelphia,PA,Germany,Bank Transfer,Completed,60
ORD-1191,CUST-0294,Kimberly Lopez,kimberly.lopez@email.com,PROD-4013,Lipstick,Beauty,Neutrogena,81.93,5,409.65,20.0,2024-11-22,3595 Elm St,Fort Worth,TX,USA,Bank Transfer,Pending,31
ORD-1116,CUST-0101,Daniel Brown,daniel.brown@email.com,PROD-7225,Dell Laptop,Electronics,Dell,1617.95,3,4853.85,15.0,2025-03-19,3390 First St,Phoenix,AZ,UK,Bank Transfer,Shipped,38
ORD-2193,CUST-0043,Brenda Hernandez,brenda.hernandez@email.com,PROD-4040,Dell Laptop,Electronics,Logitech,807.65,4,3230.6,10.0,2024-05-02,8240 Elm St,Philadelphia,PA,UK,Bank Transfer,Completed,
ORD-1922,CUST-0268,Jennifer Martin,jennifer.martin@email.com,PROD-4639,Machine Learning,Books,Wiley,64.73,2,129.46,,2024-07-29,669 First St,Columbus,OH,USA,Debit Card,Completed,53
ORD-1607,CUST-0171,Robert Perez,robert.perez@email.com,PROD-1380,Machine Learning,Books,No Starch Press,19.82,4,79.28,15.0,2023-07-11,8492 Park Rd,Indianapolis,IN,USA,Credit Card,Processing,20
ORD-1181,CUST-0241,Anna Thomas,anna.thomas@email.com,PROD-6422,Gaming Mouse,Electronics,Sony,1941.78,1,1941.78,20.0,2025-03-11,1391 First St,Fort Worth,TX,Australia,Debit Card,Processing,72
ORD-1302,CUST-0217,William Johnson,william.johnson@email.com,PROD-3011,Web Development,Books,Wiley,42.91,5,214.55,20.0,2024-03-17,1175 Oak Ave,Charlotte,NC,Germany,Debit Card,Completed,
ORD-1497,CUST-0048,William Harris,william.harris@email.com,PROD-4972,MacBook Pro,Electronics,Logitech,1335.99,2,2671.98,0.0,2024-10-10,,Los Angeles,CA,Canada,PayPal,Cancelled,30
ORD-1349,CUST-0245,Jessica Jones,jessica.jones@email.com,PROD-5842,Lipstick,Beauty,Nivea,88.73,5,443.65,,2023-07-08,6866 Main St,Indianapolis,IN,USA,Debit Card,Processing,40
ORD-2055,CUST-0221,Donald Wilson,donald.wilson@email.com,PROD-3724,Lipstick,Beauty,Nivea,86.52,3,259.56,5.0,2025-01-14,9707 Park Rd,San Francisco,CA,UK,Credit Card,Cancelled,50
ORD-2020,CUST-0222,Daniel Jones,daniel.jones@email.com,PROD-1263,iPhone 14,Electronics,Logitech,1629.72,5,8148.6,25.0,2024-10-23,8510 First St,Phoenix,AZ,Canada,Apple Pay,Pending,27
ORD-1745,CUST-0012,John Martinez,john.martinez@email.com,PROD-2641,Face Cream,Beauty,Nivea,59.48,1,59.48,10.0,2024-04-12,9639 Main St,Houston,TX,Canada,PayPal,Completed,71
ORD-2101,CUST-0094,Ashley Hernandez,ashley.hernandez@email.com,PROD-8015,Sony Headphones,Electronics,Sony,1236.83,1,1236.83,10.0,2024-12-15,9412 Second Ave,Fort Worth,TX,Canada,Credit Card,Pending,26
ORD-1991,CUST-0294,Mark Ramirez,mark.ramirez@email.com,PROD-7069,Dell Laptop,Electronics,Sony,665.46,5,3327.3,15.0,2025-01-11,6222 Main St,San Antonio,TX,Canada,Bank Transfer,Processing,19
ORD-1518,CUST-0024,John Ramirez,john.ramirez@email.com,PROD-8806,T-Shirt,Clothing,Uniqlo,74.88,2,149.76,25.0,2024-01-20,6392 First St,Houston,TX,Canada,Credit Card,Completed,25
ORD-1373,CUST-0010,William Moore,william.moore@email.com,PROD-3058,Face Cream,Beauty,Nivea,51.26,4,205.04,25.0,2024-10-16,2855 Oak Ave,San Antonio,TX,Canada,Apple Pay,Cancelled,53
ORD-1046,CUST-0018,Anthony Lopez,anthony.lopez@email.com,PROD-3878,MacBook Pro,Electronics,Dell,441.55,5,2207.75,10.0,2024-11-16,4310 First St,Indianapolis,IN,UK,Bank Transfer,Pending,47
ORD-1477,CUST-0275,Donald Sanchez,donald.sanchez@email.com,PROD-7376,Perfume,Beauty,MAC,124.87,5,624.35,20.0,2023-12-12,5404 Elm St,Chicago,IL,Germany,Bank Transfer,Completed,47
ORD-1158,CUST-0226,Daniel Rodriguez,daniel.rodriguez@email.com,PROD-2585,Business Strategy,Books,O'Reilly,16.0,3,48.0,15.0,2025-01-15,,San Diego,CA,Germany,Debit Card,Processing,52
ORD-2066,CUST-0149,Melissa Rodriguez,melissa.rodriguez@email.com,PROD-6887,Dumbbell Set,Sports,Under Armour,225.87,5,1129.35,25.0,2024-11-27,7928 Oak Ave,Philadelphia,PA,UK,Debit Card,Shipped,
ORD-1172,CUST-0008,Andrew Hernandez,andrew.hernandez@email.com,PROD-5077,Yoga Mat,Sports,Nike,83.35,3,250.05,0.0,2024-06-18,1169 Main St,Indianapolis,IN,Germany,Bank Transfer,Pending,51
ORD-1017,CUST-0091,Andrew Wilson,,PROD-5066,Lipstick,Beauty,Chanel,45.89,1,45.89,0.0,2024-09-15,7641 Park Rd,San Diego,CA,Canada,Bank Transfer,Shipped,60
ORD-1512,CUST-0236,Paul Johnson,paul.johnson@email.com,PROD-5761,Python Programming,Books,McGraw-Hill,49.58,3,148.74,0.0,2025-01-10,8558 Oak Ave,Indianapolis,IN,USA,Apple Pay,Cancelled,75
ORD-1049,CUST-0277,Melissa Jackson,melissa.jackson@email.com,PROD-9018,Jacket,Clothing,Uniqlo,128.9,3,386.7,,2024-06-05,3968 Park Rd,San Antonio,TX,Australia,Credit Card,Pending,59
ORD-1192,CUST-0272,Michelle Moore,michelle.moore@email.com,PROD-8302,Face Cream,Beauty,L'Oreal,42.13,5,210.65,5.0,2023-07-02,1957 First St,Austin,TX,Australia,Bank Transfer,Processing,19
ORD-1547,CUST-0135,Jennifer Gonzalez,jennifer.gonzalez@email.com,PROD-3951,Hoodie,Clothing,Zara,177.41,2,354.82,25.0,2024-09-30,9003 First St,San Francisco,CA,Australia,Bank Transfer,Completed,74
ORD-1516,CUST-0228,Jane Robinson,jane.robinson@email.com,PROD-1150,Jacket,Clothing,Uniqlo,196.62,3,589.86,20.0,2023-12-24,1128 Oak Ave,Jacksonville,FL,Germany,PayPal,Pending,54
ORD-2014,CUST-0139,Daniel Johnson,daniel.johnson@email.com,PROD-7722,Samsung Galaxy S23,Electronics,Logitech,671.19,4,2684.76,25.0,2023-06-01,3365 Elm St,Philadelphia,PA,USA,Debit Card,Shipped,40
ORD-2079,CUST-0207,Kimberly Robinson,kimberly.robinson@email.com,PROD-2428,LEGO Set,Toys,Mattel,56.75,5,283.75,20.0,2023-06-26,2835 Second Ave,Los Angeles,CA,Canada,Credit Card,Completed,37
ORD-1829,CUST-0110,Donald Perez,donald.perez@email.com,PROD-1280,Data Science Handbook,Books,No Starch Press,64.35,2,128.7,0.0,2023-10-15,5982 Second Ave,Dallas,TX,Canada,Bank Transfer,Processing,37
ORD-2097,CUST-0177,Christopher Martin,christopher.martin@email.com,PROD-9982,Yoga Mat,Sports,Under Armour,89.43,3,268.29,25.0,2024-09-22,8217 First St,Fort Worth,TX,Germany,Apple Pay,Shipped,67
ORD-1481,CUST-0258,Anthony Sanchez,,PROD-8449,Web Development,Books,Pearson,48.61,1,48.61,15.0,2023-09-27,6584 Main St,Jacksonville,FL,Australia,Bank Transfer,Shipped,35
ORD-2148,CUST-0113,Mark Thomas,mark.thomas@email.com,PROD-3483,Basketball,Sports,,267.49,2,534.98,20.0,2023-07-19,4568 Elm St,Los Angeles,CA,Australia,Apple Pay,Cancelled,
ORD-1284,CUST-0290,Helen Garcia,helen.garcia@email.com,PROD-2241,Shampoo,Beauty,MAC,98.71,3,296.13,25.0,2025-04-05,1312 Park Rd,Austin,TX,UK,Credit Card,Cancelled,21
ORD-2049,CUST-0093,Michelle Miller,michelle.miller@email.com,PROD-3954,Shampoo,Beauty,Chanel,16.47,2,32.94,25.0,2023-10-20,1328 First St,San Francisco,CA,USA,Bank Transfer,Cancelled,25
ORD-1798,CUST-0012,Michelle Sanchez,michelle.sanchez@email.com,PROD-2950,Tennis Racket,Sports,Spalding,147.0,1,147.0,15.0,2024-01-19,2500 Main St,Fort Worth,TX,Germany,Bank Transfer,Completed,27
ORD-1974,CUST-0055,Kimberly Lopez,kimberly.lopez@email.com,PROD-8325,Action Figure,Toys,LEGO,80.95,1,80.95,,2023-12-26,6707 Main St,Los Angeles,CA,UK,Apple Pay,Processing,31
ORD-1226,CUST-0252,Steven Thomas,steven.thomas@email.com,PROD-1119,Puzzle,Toys,Mattel,59.34,2,118.68,20.0,2024-08-12,6485 First St,Fort Worth,TX,Canada,PayPal,Pending,
ORD-1027,CUST-0084,Jessica Brown,jessica.brown@email.com,PROD-4250,Business Strategy,Books,Wiley,15.32,2,30.64,,2024-03-26,5788 Second Ave,Houston,TX,Germany,Debit Card,Pending,
ORD-1283,CUST-0211,Sarah Taylor,sarah.taylor@email.com,PROD-5128,Bed Sheets,Home & Garden,Cuisinart,116.71,1,116.71,0.0,2025-01-20,2065 Main St,San Antonio,TX,Germany,Apple Pay,Shipped,66
ORD-2169,CUST-0163,Robert Williams,robert.williams@email.com,PROD-6280,Face Cream,Beauty,,48.53,4,194.12,15.0,2024-07-31,8756 Park Rd,Houston,TX,Germany,Apple Pay,Completed,
ORD-1438,CUST-0139,Jennifer Brown,jennifer.brown@email.com,PROD-6656,Sneakers,Clothing,Gap,164.13,5,820.65,15.0,2024-09-22,,Phoenix,AZ,UK,Apple Pay,Shipped,27
ORD-2187,CUST-0032,Michael Ramirez,michael.ramirez@email.com,PROD-5114,Yoga Mat,Sports,,274.44,1,274.44,,2023-06-02,9771 Elm St,San Jose,CA,Germany,Credit Card,Completed,
ORD-1365,CUST-0032,Melissa Lewis,melissa.lewis@email.com,PROD-9623,Jacket,Clothing,Nike,89.51,5,447.55,15.0,2024-02-17,8120 Elm St,San Francisco,CA,Australia,Debit Card,Shipped,26
ORD-1230,CUST-0160,Brenda Hernandez,brenda.hernandez@email.com,PROD-5151,Face Cream,Beauty,Neutrogena,76.33,3,228.99,0.0,2025-04-04,7213 Park Rd,San Antonio,TX,USA,Credit Card,Shipped,55
ORD-1038,CUST-0256,Mark Anderson,mark.anderson@email.com,PROD-5720,Sneakers,Clothing,Levi's,96.05,4,384.2,,2025-02-26,324 Second Ave,San Diego,CA,Canada,Debit Card,Completed,71
ORD-1670,CUST-0181,Melissa Anderson,melissa.anderson@email.com,PROD-8609,Web Development,Books,Wiley,41.65,2,83.3,15.0,2024-07-25,6349 Elm St,New York,NY,Canada,PayPal,Cancelled,45
ORD-1750,CUST-0298,Sarah Perez,sarah.perez@email.com,PROD-1763,Face Cream,Beauty,Nivea,111.84,4,447.36,,2024-01-01,3543 Elm St,Dallas,TX,USA,Credit Card,Completed,39
ORD-2200,CUST-0251,Kimberly Johnson,kimberly.johnson@email.com,PROD-9855,Dining Table,Home & Garden,,33.17,1,33.17,,2024-03-25,5497 Oak Ave,Houston,TX,Germany,Bank Transfer,Completed,73
ORD-1375,CUST-0063,Paul Jones,paul.jones@email.com,PROD-6216,Web Development,Books,Pearson,71.88,3,215.64,25.0,2024-08-28,5369 Park Rd,Dallas,TX,Canada,PayPal,Cancelled,39
ORD-1470,CUST-0196,Michelle Jackson,michelle.jackson@email.com,PROD-8588,MacBook Pro,Electronics,Samsung,203.57,1,203.57,5.0,2023-12-29,8318 Second Ave,Phoenix,AZ,Canada,Apple Pay,Processing,39
ORD-1883,CUST-0226,Jane Clark,jane.clark@email.com,PROD-8049,T-Shirt,Clothing,Nike,124.82,1,124.82,,2024-09-29,9504 Park Rd,Dallas,TX,USA,Apple Pay,Pending,32
ORD-2044,CUST-0032,Robert Brown,robert.brown@email.com,PROD-4043,Data Science Handbook,Books,,72.21,3,216.63,10.0,2024-10-19,6380 Main St,Austin,TX,Australia,PayPal,Processing,34
ORD-2046,CUST-0106,James Miller,james.miller@email.com,PROD-6868,Kitchen Knife Set,Home & Garden,KitchenAid,311.78,2,623.56,15.0,2024-10-20,,San Francisco,CA,Germany,Credit Card,Pending,51
ORD-1688,CUST-0023,Anna Jackson,anna.jackson@email.com,PROD-1775,Dining Table,Home & Garden,KitchenAid,161.1,1,161.1,15.0,2024-09-17,6182 Elm St,Seattle,WA,Canada,Apple Pay,Processing,65
ORD-1033,CUST-0078,David Sanchez,david.sanchez@email.com,PROD-7819,Python Programming,Books,Pearson,52.44,5,262.2,20.0,2024-06-15,9742 First St,Charlotte,NC,Australia,Bank Transfer,Processing,57
ORD-1640,CUST-0256,Michael Garcia,michael.garcia@email.com,PROD-2337,Jeans,Clothing,Zara,77.85,1,77.85,0.0,2025-02-01,,Los Angeles,CA,Germany,Bank Transfer,Completed,51
ORD-2058,CUST-0192,Andrew Lee,andrew.lee@email.com,PROD-4707,Python Programming,Books,O'Reilly,79.25,3,237.75,25.0,2025-04-21,9617 Second Ave,Los Angeles,CA,Canada,Apple Pay,Processing,68
ORD-1195,CUST-0009,Christopher Perez,christopher.perez@email.com,PROD-1746,iPad Air,Electronics,HP,1416.72,1,1416.72,20.0,2023-09-08,4712 First St,San Jose,CA,UK,Debit Card,Cancelled,19
ORD-2125,CUST-0288,Brenda Jones,brenda.jones@email.com,PROD-8540,Action Figure,Toys,Fisher-Price,43.85,5,219.25,10.0,2023-11-08,2712 Oak Ave,Charlotte,NC,Australia,Apple Pay,Pending,20
ORD-2133,CUST-0132,Andrew Gonzalez,andrew.gonzalez@email.com,PROD-9744,Samsung Galaxy S23,Electronics,HP,1620.88,1,1620.88,0.0,2024-04-24,3835 Park Rd,San Jose,CA,Germany,Credit Card,Completed,29
ORD-1987,CUST-0084,Sarah Thompson,sarah.thompson@email.com,PROD-5711,Tennis Racket,Sports,Under Armour,67.66,3,202.98,25.0,2024-10-30,7600 Second Ave,Indianapolis,IN,UK,Bank Transfer,Cancelled,74
ORD-1504,CUST-0269,Matthew Garcia,matthew.garcia@email.com,PROD-6500,LEGO Set,Toys,LEGO,50.74,3,152.22,10.0,2025-04-01,322 Park Rd,San Francisco,CA,UK,Bank Transfer,Pending,67
ORD-1916,CUST-0163,Andrew Martinez,andrew.martinez@email.com,PROD-4605,LEGO Set,Toys,Fisher-Price,69.2,4,276.8,25.0,2023-06-10,2098 First St,New York,NY,Germany,Apple Pay,Pending,27
ORD-2086,CUST-0010,Sarah Martinez,sarah.martinez@email.com,PROD-7233,Basketball,Sports,Spalding,187.67,1,187.67,20.0,2024-08-14,8791 Oak Ave,San Antonio,TX,USA,Bank Transfer,Shipped,50
ORD-1538,CUST-0248,Jennifer Davis,jennifer.davis@email.com,PROD-3053,Vacuum Cleaner,Home & Garden,West Elm,464.72,2,929.44,15.0,2025-04-12,4800 Park Rd,Phoenix,AZ,Germany,Bank Transfer,Completed,
ORD-2107,CUST-0232,William Rodriguez,william.rodriguez@email.com,PROD-2917,Tennis Racket,Sports,Wilson,278.11,1,278.11,15.0,2023-05-25,,Los Angeles,CA,UK,PayPal,Completed,38
ORD-1801,CUST-0278,Melissa White,melissa.white@email.com,PROD-3130,Lipstick,Beauty,Neutrogena,50.34,5,251.7,25.0,2025-02-05,1476 Park Rd,Indianapolis,IN,Germany,Bank Transfer,Cancelled,50
ORD-1580,CUST-0013,Kimberly Rodriguez,kimberly.rodriguez@email.com,PROD-5878,Web Development,Books,O'Reilly,54.52,5,272.6,,2023-06-29,1477 Second Ave,Seattle,WA,Australia,Credit Card,Shipped,58
ORD-1161,CUST-0077,David Jackson,david.jackson@email.com,PROD-2655,LEGO Set,Toys,LEGO,80.72,5,403.6,15.0,2024-02-17,7850 Main St,Fort Worth,TX,Australia,PayPal,Pending,57
ORD-1681,CUST-0166,Christopher Harris,christopher.harris@email.com,PROD-9065,Coffee Maker,Home & Garden,West Elm,36.17,4,144.68,0.0,2023-12-13,8152 Main St,Los Angeles,CA,Canada,Bank Transfer,Completed,41
ORD-1957,CUST-0014,Mark Perez,mark.perez@email.com,PROD-4655,Samsung Galaxy S23,Electronics,Samsung,1326.67,1,1326.67,,2024-12-30,2672 Main St,Seattle,WA,Canada,Credit Card,Shipped,24
ORD-2150,CUST-0264,Michael Lopez,michael.lopez@email.com,PROD-5957,Web Development,Books,,35.87,5,179.35,25.0,2024-06-25,3542 Second Ave,Philadelphia,PA,Australia,Bank Transfer,Processing,44
ORD-1163,CUST-0165,William White,william.white@email.com,PROD-7672,Face Cream,Beauty,Nivea,113.21,5,566.05,0.0,2024-10-31,8403 First St,Philadelphia,PA,USA,PayPal,Processing,19
ORD-1822,CUST-0051,David Sanchez,david.sanchez@email.com,PROD-1617,Face Cream,Beauty,Neutrogena,133.44,3,400.32,15.0,2025-02-02,9421 First St,Charlotte,NC,Germany,Bank Transfer,Shipped,64
ORD-1706,CUST-0278,Kimberly Hernandez,kimberly.hernandez@email.com,PROD-5776,Dining Table,Home & Garden,West Elm,328.33,2,656.66,25.0,2024-05-02,6516 First St,Philadelphia,PA,Australia,Bank Transfer,Processing,39
ORD-2037,CUST-0203,Emily Garcia,emily.garcia@email.com,PROD-7299,Dell Laptop,Electronics,,1224.81,4,4899.24,15.0,2024-02-12,,Fort Worth,TX,Australia,Debit Card,Pending,
ORD-1878,CUST-0039,Sarah Moore,sarah.moore@email.com,PROD-7600,Toy Car,Toys,Hasbro,94.6,4,378.4,5.0,2023-10-14,1319 First St,San Francisco,CA,UK,Credit Card,Pending,41
ORD-1896,CUST-0081,James Hernandez,,PROD-2195,Hoodie,Clothing,Zara,106.25,4,425.0,5.0,2024-06-26,8902 Park Rd,Philadelphia,PA,UK,PayPal,Processing,
ORD-1914,CUST-0176,Jessica Lopez,,PROD-6020,Face Cream,Beauty,Neutrogena,80.14,3,240.42,15.0,2025-01-22,6181 Second Ave,Phoenix,AZ,UK,Debit Card,Cancelled,46
ORD-1455,CUST-0030,Mark Clark,,PROD-1257,Data Science Handbook,Books,McGraw-Hill,47.62,5,238.1,,2025-04-26,9125 Oak Ave,Fort Worth,TX,UK,Debit Card,Shipped,31
ORD-1153,CUST-0017,Emily Martin,emily.martin@email.com,PROD-2706,Toy Car,Toys,Hasbro,94.3,2,188.6,0.0,2024-01-21,1553 Elm St,Jacksonville,FL,UK,Bank Transfer,Cancelled,
ORD-2128,CUST-0202,Helen Martinez,helen.martinez@email.com,PROD-8087,Hoodie,Clothing,Adidas,198.69,2,397.38,15.0,2024-08-25,1335 First St,Charlotte,NC,Australia,Apple Pay,Completed,43
ORD-2034,CUST-0062,Michael Miller,michael.miller@email.com,PROD-2956,Data Science Handbook,Books,McGraw-Hill,11.58,2,23.16,25.0,2024-08-19,7767 Second Ave,Indianapolis,IN,USA,Credit Card,Shipped,44
ORD-1510,CUST-0157,Michael Martinez,michael.martinez@email.com,PROD-8159,Perfume,Beauty,Neutrogena,21.64,5,108.2,10.0,2024-10-19,7743 First St,Jacksonville,FL,Australia,Debit Card,Cancelled,
ORD-1112,CUST-0277,James Gonzalez,james.gonzalez@email.com,PROD-9205,Shorts,Clothing,Uniqlo,152.91,3,458.73,,2024-08-12,9858 First St,San Diego,CA,USA,Bank Transfer,Completed,68
ORD-1227,CUST-0123,Matthew Harris,matthew.harris@email.com,PROD-9716,Dumbbell Set,Sports,Wilson,246.47,4,985.88,0.0,2023-11-25,7560 Second Ave,Phoenix,AZ,UK,Debit Card,Pending,49
ORD-2023,CUST-0089,Ashley Johnson,ashley.johnson@email.com,PROD-4970,Coffee Maker,Home & Garden,IKEA,273.13,4,1092.52,,2023-08-22,2183 Second Ave,Philadelphia,PA,Canada,Debit Card,Completed,26
ORD-1852,CUST-0206,Daniel Clark,daniel.clark@email.com,PROD-7779,MacBook Pro,Electronics,Apple,1058.09,1,1058.09,10.0,2025-02-18,4442 Second Ave,Philadelphia,PA,Australia,Debit Card,Processing,57
ORD-1104,CUST-0105,James Lee,james.lee@email.com,PROD-4121,Bed Sheets,Home & Garden,IKEA,49.48,4,197.92,20.0,2023-07-02,9726 Elm St,Chicago,IL,Canada,Apple Pay,Shipped,73
ORD-1422,CUST-0220,Brenda Robinson,brenda.robinson@email.com,PROD-4197,Face Cream,Beauty,Chanel,109.1,5,545.5,25.0,2024-10-20,1526 Park Rd,Los Angeles,CA,Canada,Apple Pay,Cancelled,46
ORD-1420,CUST-0162,Paul Davis,paul.davis@email.com,PROD-6834,Perfume,Beauty,Chanel,131.98,1,131.98,,2025-05-07,,Fort Worth,TX,Canada,Credit Card,Processing,62
ORD-1968,CUST-0274,Mark Davis,mark.davis@email.com,PROD-1273,Machine Learning,Books,Wiley,79.35,2,158.7,15.0,2024-06-03,2898 Second Ave,Fort Worth,TX,Germany,Bank Transfer,Processing,26
ORD-1625,CUST-0037,Ashley Rodriguez,ashley.rodriguez@email.com,PROD-3488,Coffee Maker,Home & Garden,West Elm,122.77,2,245.54,10.0,2023-06-03,1781 Elm St,Houston,TX,Germany,Apple Pay,Cancelled,46
ORD-1587,CUST-0206,Kimberly Wilson,kimberly.wilson@email.com,PROD-6951,Jacket,Clothing,Levi's,131.6,3,394.8,20.0,2024-06-27,7700 Park Rd,San Diego,CA,Australia,Debit Card,Shipped,29
ORD-2080,CUST-0233,Mark Clark,mark.clark@email.com,PROD-6953,Coffee Maker,Home & Garden,Dyson,220.65,4,882.6,,2023-06-29,7060 Second Ave,San Diego,CA,Canada,Apple Pay,Shipped,43
ORD-1920,CUST-0100,Sarah Wilson,,PROD-3023,Data Science Handbook,Books,No Starch Press,63.85,2,127.7,20.0,2025-02-23,674 Oak Ave,Chicago,IL,Australia,Credit Card,Shipped,40
ORD-1673,CUST-0220,Jennifer Brown,jennifer.brown@email.com,PROD-3100,Dumbbell Set,Sports,Wilson,123.48,4,493.92,,2024-08-22,5444 Elm St,Jacksonville,FL,Australia,PayPal,Pending,75
ORD-1120,CUST-0192,Christopher Anderson,christopher.anderson@email.com,PROD-1403,Basketball,Sports,Adidas,155.18,3,465.54,0.0,2023-09-18,7560 Oak Ave,Phoenix,AZ,UK,Apple Pay,Cancelled,24
ORD-1054,CUST-0117,Melissa Hernandez,melissa.hernandez@email.com,PROD-6121,Kitchen Knife Set,Home & Garden,IKEA,340.93,3,1022.79,25.0,2024-09-19,1627 First St,Chicago,IL,USA,Credit Card,Pending,53
ORD-1152,CUST-0070,Emily White,emily.white@email.com,PROD-6847,Puzzle,Toys,Mattel,30.09,5,150.45,15.0,2024-04-01,129 Elm St,San Jose,CA,Canada,Apple Pay,Cancelled,67
ORD-1404,CUST-0018,Andrew Perez,andrew.perez@email.com,PROD-2685,Coffee Maker,Home & Garden,West Elm,210.54,3,631.62,20.0,2023-05-27,4191 Park Rd,Los Angeles,CA,Australia,PayPal,Shipped,
ORD-1264,CUST-0060,Anna Sanchez,anna.sanchez@email.com,PROD-2423,Lipstick,Beauty,L'Oreal,78.58,2,157.16,10.0,2023-12-30,6231 Main St,Indianapolis,IN,UK,PayPal,Completed,19
ORD-1208,CUST-0196,Amanda Jackson,amanda.jackson@email.com,PROD-5171,Toy Car,Toys,LEGO,52.94,2,105.88,0.0,2024-03-08,189 Elm St,Seattle,WA,Australia,Credit Card,Processing,51
ORD-2154,CUST-0266,Helen White,helen.white@email.com,PROD-1218,Sneakers,Clothing,Zara,163.07,4,652.28,0.0,2023-11-13,5674 Elm St,San Antonio,TX,USA,Credit Card,Pending,75
ORD-1659,CUST-0078,Robert Martinez,robert.martinez@email.com,PROD-8318,Business Strategy,Books,McGraw-Hill,43.26,2,86.52,0.0,2024-12-18,2040 Second Ave,Philadelphia,PA,Canada,Apple Pay,Cancelled,53
ORD-2116,CUST-0061,Emily Johnson,emily.johnson@email.com,PROD-3217,Hoodie,Clothing,Nike,19.31,3,57.93,25.0,2023-12-13,9888 Park Rd,Charlotte,NC,UK,PayPal,Completed,70
ORD-1233,CUST-0141,Anna Clark,anna.clark@email.com,PROD-3540,Toy Car,Toys,,50.44,3,151.32,15.0,2023-05-23,406 Second Ave,Indianapolis,IN,Australia,Bank Transfer,Processing,64
ORD-1036,CUST-0118,Anthony Davis,,PROD-1515,Face Cream,Beauty,,130.07,1,130.07,10.0,2025-04-07,9455 Second Ave,San Francisco,CA,Canada,Debit Card,Shipped,69
ORD-2015,CUST-0001,Andrew Miller,andrew.miller@email.com,PROD-9504,iPhone 14,Electronics,,784.96,3,2354.88,15.0,2024-08-29,179 Main St,San Diego,CA,Germany,Apple Pay,Processing,67
ORD-1160,CUST-0041,Lisa Wilson,lisa.wilson@email.com,PROD-2098,Action Figure,Toys,Playmobil,17.83,5,89.15,10.0,2024-02-29,302 Elm St,Indianapolis,IN,Australia,Apple Pay,Processing,44
ORD-1037,CUST-0054,Anna Garcia,anna.garcia@email.com,PROD-7562,Perfume,Beauty,MAC,123.53,5,617.65,,2023-08-21,6722 Second Ave,Austin,TX,UK,Credit Card,Processing,21
ORD-1453,CUST-0140,Robert Garcia,,PROD-9402,Yoga Mat,Sports,Under Armour,147.52,5,737.6,5.0,2024-03-21,3768 Main St,Dallas,TX,Germany,Apple Pay,Shipped,58
ORD-1652,CUST-0225,John Ramirez,john.ramirez@email.com,PROD-3640,Action Figure,Toys,Playmobil,22.9,3,68.7,,2025-04-23,386 Second Ave,Chicago,IL,Australia,PayPal,Pending,27
ORD-1254,CUST-0226,Christopher Lewis,christopher.lewis@email.com,PROD-5824,Board Game,Toys,Fisher-Price,65.18,1,65.18,5.0,2024-09-08,1954 Oak Ave,Charlotte,NC,USA,Apple Pay,Processing,44
ORD-1304,CUST-0119,Paul Taylor,paul.taylor@email.com,PROD-6347,Dining Table,Home & Garden,Dyson,255.92,5,1279.6,15.0,2024-09-02,5121 Oak Ave,San Jose,CA,Germany,Bank Transfer,Shipped,36
ORD-1897,CUST-0096,Lisa Jackson,lisa.jackson@email.com,PROD-6424,Jeans,Clothing,Gap,173.36,1,173.36,,2023-06-24,860 Park Rd,Los Angeles,CA,Australia,PayPal,Completed,52
ORD-2068,CUST-0208,Emily Harris,emily.harris@email.com,PROD-4092,Web Development,Books,Pearson,51.23,3,153.69,25.0,2023-06-05,4125 Park Rd,Chicago,IL,Canada,Credit Card,Pending,29
ORD-1881,CUST-0046,Michelle Taylor,michelle.taylor@email.com,PROD-5290,Toy Car,Toys,Hasbro,74.54,2,149.08,,2024-07-25,8984 Park Rd,Chicago,IL,Australia,Credit Card,Cancelled,
ORD-2152,CUST-0268,Mark Gonzalez,mark.gonzalez@email.com,PROD-1436,LEGO Set,Toys,Playmobil,68.4,4,273.6,,2024-07-07,,Fort Worth,TX,Germany,Credit Card,Completed,26
ORD-1624,CUST-0001,Michael Rodriguez,michael.rodriguez@email.com,PROD-2095,Lipstick,Beauty,Nivea,16.41,4,65.64,,2024-09-26,2712 Elm St,Philadelphia,PA,Canada,Debit Card,Cancelled,33
ORD-1346,CUST-0232,James White,james.white@email.com,PROD-1798,Toy Car,Toys,Hasbro,82.14,3,246.42,0.0,2023-08-03,6634 Park Rd,Seattle,WA,Germany,PayPal,Shipped,73
ORD-2050,CUST-0055,Melissa Garcia,melissa.garcia@email.com,PROD-7095,Data Science Handbook,Books,No Starch Press,17.98,3,53.94,15.0,2025-01-02,,Seattle,WA,Canada,PayPal,Completed,55
ORD-1263,CUST-0029,Paul Taylor,paul.taylor@email.com,PROD-4413,Lipstick,Beauty,Neutrogena,89.99,3,269.97,10.0,2023-07-29,5656 First St,Phoenix,AZ,UK,Apple Pay,Shipped,42
ORD-1151,CUST-0245,John Hernandez,john.hernandez@email.com,PROD-3908,Shorts,Clothing,Adidas,184.97,3,554.91,,2023-10-21,6078 Main St,Phoenix,AZ,USA,Bank Transfer,Cancelled,39
ORD-1473,CUST-0067,Daniel Lopez,daniel.lopez@email.com,PROD-7770,Dumbbell Set,Sports,Wilson,161.66,3,484.98,25.0,2023-07-05,9288 Main St,Los Angeles,CA,Canada,PayPal,Completed,28
ORD-1641,CUST-0168,Christopher Martinez,,PROD-3825,Basketball,Sports,Wilson,72.77,5,363.85,20.0,2024-01-01,2634 Second Ave,Jacksonville,FL,USA,Bank Transfer,Processing,46
ORD-2128,CUST-0202,Helen Martinez,helen.martinez@email.com,PROD-8087,Hoodie,Clothing,Adidas,198.69,2,397.38,15.0,2024-08-25,1335 First St,Charlotte,NC,Australia,Apple Pay,Completed,43
ORD-2149,CUST-0283,William Sanchez,william.sanchez@email.com,PROD-2157,Dining Table,Home & Garden,Dyson,322.88,4,1291.52,10.0,2024-04-08,9023 Second Ave,San Antonio,TX,Germany,Apple Pay,Completed,65
ORD-1551,CUST-0081,Paul Moore,paul.moore@email.com,PROD-7126,Shampoo,Beauty,MAC,55.07,2,110.14,5.0,2023-06-05,8727 Main St,Los Angeles,CA,USA,Apple Pay,Cancelled,20
ORD-1929,CUST-0095,Jane Thomas,jane.thomas@email.com,PROD-8121,Action Figure,Toys,LEGO,97.88,1,97.88,,2025-03-20,1571 Oak Ave,San Francisco,CA,USA,Bank Transfer,Completed,54
ORD-1489,CUST-0129,Emily Miller,emily.miller@email.com,PROD-6106,Lipstick,Beauty,Chanel,31.52,2,63.04,15.0,2024-08-08,4551 Park Rd,Charlotte,NC,Australia,Apple Pay,Completed,45
ORD-2100,CUST-0295,Michelle Hernandez,michelle.hernandez@email.com,PROD-9850,Sunscreen,Beauty,Chanel,69.74,3,209.22,15.0,2024-03-22,286 Park Rd,Philadelphia,PA,Canada,Apple Pay,Shipped,
ORD-1147,CUST-0294,Melissa Clark,melissa.clark@email.com,PROD-3832,Coffee Maker,Home & Garden,KitchenAid,193.12,2,386.24,15.0,2023-10-22,4126 Elm St,Los Angeles,CA,Germany,Bank Transfer,Cancelled,53
ORD-1403,CUST-0125,Donald Anderson,donald.anderson@email.com,PROD-1296,Board Game,Toys,Hasbro,64.63,2,129.26,20.0,2024-06-26,283 Elm St,Philadelphia,PA,USA,Bank Transfer,Shipped,29
ORD-1955,CUST-0255,Michelle Hernandez,michelle.hernandez@email.com,PROD-7855,Sneakers,Clothing,Levi's,29.9,4,119.6,0.0,2023-10-15,9483 Elm St,Phoenix,AZ,USA,PayPal,Shipped,25
ORD-2144,CUST-0009,Daniel Miller,daniel.miller@email.com,PROD-8210,T-Shirt,Clothing,Adidas,138.02,4,552.08,15.0,2024-09-05,1962 Elm St,Jacksonville,FL,Germany,Bank Transfer,Completed,45
ORD-1660,CUST-0144,Donald Ramirez,donald.ramirez@email.com,PROD-2591,iPad Air,Electronics,Samsung,1523.56,2,3047.12,15.0,2024-06-14,9703 Elm St,San Francisco,CA,Canada,Bank Transfer,Cancelled,29
ORD-1464,CUST-0216,Ashley Miller,ashley.miller@email.com,PROD-3345,iPad Air,Electronics,Samsung,786.05,1,786.05,15.0,2024-06-06,1308 First St,Los Angeles,CA,USA,Apple Pay,Shipped,
ORD-1187,CUST-0092,Matthew Moore,matthew.moore@email.com,PROD-7840,Python Programming,Books,McGraw-Hill,57.2,5,286.0,15.0,2023-06-05,,Indianapolis,IN,USA,PayPal,Completed,30
ORD-1609,CUST-0078,Mark Hernandez,mark.hernandez@email.com,PROD-8085,Sunscreen,Beauty,MAC,134.29,4,537.16,0.0,2025-02-19,,Fort Worth,TX,USA,Bank Transfer,Cancelled,72
ORD-1144,CUST-0080,Sarah Garcia,sarah.garcia@email.com,PROD-4402,Web Development,Books,O'Reilly,41.63,4,166.52,0.0,2023-08-23,9984 Main St,Philadelphia,PA,UK,PayPal,Pending,63
ORD-1752,CUST-0130,John Wilson,john.wilson@email.com,PROD-8517,Gaming Mouse,Electronics,,1072.35,2,2144.7,10.0,2023-10-14,325 First St,San Jose,CA,UK,Apple Pay,Completed,40
ORD-1982,CUST-0271,Angela White,angela.white@email.com,PROD-5920,Python Programming,Books,Wiley,59.16,5,295.8,10.0,2024-03-14,8100 Second Ave,San Antonio,TX,USA,Apple Pay,Completed,25
ORD-1198,CUST-0250,James Lopez,james.lopez@email.com,PROD-2144,Shampoo,Beauty,L'Oreal,135.82,3,407.46,10.0,2025-02-12,9387 Park Rd,San Jose,CA,Germany,Bank Transfer,Cancelled,38
ORD-1884,CUST-0073,Helen Jackson,helen.jackson@email.com,PROD-7753,Dining Table,Home & Garden,West Elm,188.69,5,943.45,15.0,2023-09-18,8532 Oak Ave,Columbus,OH,USA,Debit Card,Shipped,69
ORD-1280,CUST-0271,Anna Johnson,anna.johnson@email.com,PROD-3526,Samsung Galaxy S23,Electronics,Logitech,1683.35,4,6733.4,5.0,2025-03-29,5753 Main St,Charlotte,NC,Canada,Bank Transfer,Completed,
ORD-1294,CUST-0028,Robert Brown,robert.brown@email.com,PROD-1707,Perfume,Beauty,Chanel,15.67,3,47.01,15.0,2024-02-04,7524 Main St,Austin,TX,Germany,Credit Card,Completed,29
ORD-2108,CUST-0061,Kimberly Rodriguez,kimberly.rodriguez@email.com,PROD-9945,Action Figure,Toys,Playmobil,23.47,1,23.47,0.0,2025-04-19,2726 Elm St,San Antonio,TX,Germany,Credit Card,Shipped,70
ORD-1401,CUST-0023,Ashley Lewis,ashley.lewis@email.com,PROD-2094,Business Strategy,Books,McGraw-Hill,58.86,2,117.72,15.0,2024-12-09,1823 Second Ave,Houston,TX,UK,Bank Transfer,Cancelled,34
ORD-1123,CUST-0059,William Perez,william.perez@email.com,PROD-7432,Dumbbell Set,Sports,Under Armour,184.36,3,553.08,15.0,2025-02-13,9769 Main St,Philadelphia,PA,UK,PayPal,Pending,37
ORD-1203,CUST-0194,Amanda Jackson,amanda.jackson@email.com,PROD-4652,LEGO Set,Toys,Playmobil,56.47,3,169.41,10.0,2024-10-02,,San Francisco,CA,Germany,PayPal,Cancelled,22
ORD-1836,CUST-0220,Jennifer Rodriguez,jennifer.rodriguez@email.com,PROD-4260,T-Shirt,Clothing,,199.96,2,399.92,5.0,2024-08-15,7256 Oak Ave,Dallas,TX,Australia,Credit Card,Pending,51
ORD-1247,CUST-0249,Anna Martin,anna.martin@email.com,PROD-1353,Jeans,Clothing,Levi's,22.35,5,111.75,15.0,2024-06-28,5865 Park Rd,Philadelphia,PA,USA,Bank Transfer,Shipped,50
ORD-2159,CUST-0046,James Moore,james.moore@email.com,PROD-4716,Lipstick,Beauty,Nivea,40.18,3,120.54,,2024-06-07,4266 Second Ave,Chicago,IL,Germany,PayPal,Processing,42
ORD-1385,CUST-0031,David Martinez,david.martinez@email.com,PROD-9867,Dumbbell Set,Sports,Wilson,237.14,2,474.28,20.0,2024-05-08,8581 Second Ave,San Jose,CA,UK,PayPal,Completed,70
ORD-1855,CUST-0107,Melissa Hernandez,melissa.hernandez@email.com,PROD-5259,Shampoo,Beauty,L'Oreal,54.53,5,272.65,,2024-10-01,,New York,NY,USA,Apple Pay,Pending,37
ORD-1220,CUST-0129,Kimberly Ramirez,kimberly.ramirez@email.com,PROD-5167,Coffee Maker,Home & Garden,,251.36,1,251.36,10.0,2024-02-13,4322 Park Rd,Jacksonville,FL,UK,Credit Card,Cancelled,73
ORD-1642,CUST-0091,Matthew Jones,matthew.jones@email.com,PROD-9808,Coffee Maker,Home & Garden,,446.91,1,446.91,10.0,2024-03-16,9768 Second Ave,Houston,TX,UK,PayPal,Completed,56
ORD-1002,CUST-0004,Steven Sanchez,steven.sanchez@email.com,PROD-6515,Bed Sheets,Home & Garden,Dyson,73.55,4,294.2,,2024-05-09,8885 Main St,Dallas,TX,USA,Debit Card,Completed,71
ORD-1113,CUST-0252,Ashley Lopez,ashley.lopez@email.com,PROD-7228,Kitchen Knife Set,Home & Garden,Cuisinart,65.7,5,328.5,5.0,2025-05-22,6325 Elm St,Chicago,IL,USA,PayPal,Cancelled,24
ORD-1699,CUST-0206,Matthew Robinson,matthew.robinson@email.com,PROD-4061,T-Shirt,Clothing,Nike,137.96,4,551.84,20.0,2024-06-08,3139 Second Ave,Seattle,WA,UK,Debit Card,Completed,32
ORD-1952,CUST-0253,Christopher White,christopher.white@email.com,PROD-1352,Dress,Clothing,H&M,81.73,3,245.19,,2023-09-15,5351 Elm St,Fort Worth,TX,Canada,Bank Transfer,Processing,42
ORD-2098,CUST-0155,Sarah Davis,sarah.davis@email.com,PROD-5121,T-Shirt,Clothing,Levi's,180.61,2,361.22,,2023-12-13,9922 Main St,Indianapolis,IN,Canada,PayPal,Shipped,19
ORD-1442,CUST-0088,Amanda Brown,amanda.brown@email.com,PROD-2932,Shampoo,Beauty,Neutrogena,49.19,4,196.76,5.0,2023-05-25,8546 Main St,Fort Worth,TX,Canada,Debit Card,Processing,21
ORD-1664,CUST-0178,Angela Rodriguez,angela.rodriguez@email.com,PROD-8371,Bed Sheets,Home & Garden,Dyson,461.42,1,461.42,10.0,2024-10-25,1853 Oak Ave,Houston,TX,USA,Credit Card,Shipped,27
ORD-2115,CUST-0027,Christopher Davis,,PROD-7078,Vacuum Cleaner,Home & Garden,KitchenAid,45.91,5,229.55,0.0,2025-03-15,9029 Second Ave,Columbus,OH,UK,Credit Card,Completed,55
ORD-1318,CUST-0297,Steven Smith,steven.smith@email.com,PROD-9801,Shampoo,Beauty,MAC,8.61,1,8.61,20.0,2025-05-16,3133 First St,San Francisco,CA,UK,Credit Card,Shipped,42
ORD-1649,CUST-0230,David Perez,david.perez@email.com,PROD-9005,iPad Air,Electronics,Apple,179.68,5,898.4,25.0,2024-02-09,4764 Second Ave,Fort Worth,TX,UK,Bank Transfer,Completed,43
ORD-1710,CUST-0047,Anthony White,anthony.white@email.com,PROD-7659,Web Development,Books,O'Reilly,25.47,4,101.88,5.0,2024-01-03,,Dallas,TX,USA,Bank Transfer,Cancelled,56
ORD-1973,CUST-0010,Paul Moore,paul.moore@email.com,PROD-4629,Dumbbell Set,Sports,Wilson,20.15,5,100.75,5.0,2025-04-03,8961 Second Ave,Los Angeles,CA,UK,PayPal,Processing,48
ORD-1628,CUST-0300,Michelle Davis,michelle.davis@email.com,PROD-8994,Lipstick,Beauty,L'Oreal,87.62,5,438.1,20.0,2025-04-05,9772 Elm St,Fort Worth,TX,USA,Credit Card,Processing,
ORD-1633,CUST-0102,Michael Williams,michael.williams@email.com,PROD-6574,Perfume,Beauty,MAC,83.66,4,334.64,,2024-06-20,1446 Park Rd,Houston,TX,UK,PayPal,Cancelled,33
ORD-2191,CUST-0062,David Clark,david.clark@email.com,PROD-8940,Board Game,Toys,Mattel,94.05,1,94.05,20.0,2023-12-27,6137 First St,Columbus,OH,Australia,Debit Card,Pending,30
ORD-2126,CUST-0094,John Jackson,john.jackson@email.com,PROD-4095,Face Cream,Beauty,L'Oreal,40.37,2,80.74,10.0,2023-10-11,1256 Second Ave,San Antonio,TX,UK,Apple Pay,Processing,56
ORD-1796,CUST-0056,Brenda Jones,brenda.jones@email.com,PROD-4059,Perfume,Beauty,Neutrogena,18.68,2,37.36,15.0,2025-01-15,3268 Park Rd,Seattle,WA,Canada,Apple Pay,Cancelled,52
ORD-1646,CUST-0156,Christopher Miller,christopher.miller@email.com,PROD-9585,Running Shoes,Sports,Spalding,257.78,5,1288.9,25.0,2023-07-07,3142 Oak Ave,San Antonio,TX,USA,Bank Transfer,Completed,49
ORD-2013,CUST-0290,Sarah Jackson,,PROD-8163,Business Strategy,Books,No Starch Press,31.05,1,31.05,25.0,2024-11-14,2194 Oak Ave,San Antonio,TX,Australia,Bank Transfer,Shipped,35
ORD-1557,CUST-0267,Angela Brown,angela.brown@email.com,PROD-9114,Coffee Maker,Home & Garden,IKEA,106.09,5,530.45,25.0,2024-12-03,,Columbus,OH,Australia,Credit Card,Cancelled,64
ORD-1682,CUST-0085,Christopher Miller,christopher.miller@email.com,PROD-5353,iPad Air,Electronics,HP,1134.71,5,5673.55,5.0,2025-02-03,4365 First St,Dallas,TX,UK,Credit Card,Pending,46
ORD-1578,CUST-0006,Michelle Lee,michelle.lee@email.com,PROD-5238,Kitchen Knife Set,Home & Garden,IKEA,377.48,1,377.48,15.0,2024-10-18,8865 Park Rd,Jacksonville,FL,Australia,Credit Card,Shipped,52
ORD-1525,CUST-0065,Melissa Thompson,melissa.thompson@email.com,PROD-7025,T-Shirt,Clothing,H&M,80.08,3,240.24,0.0,2024-01-21,3821 First St,San Diego,CA,USA,Apple Pay,Processing,
ORD-2060,CUST-0139,Michael Garcia,michael.garcia@email.com,PROD-7436,Dell Laptop,Electronics,Asus,660.46,5,3302.3,5.0,2023-07-19,8233 First St,Houston,TX,Canada,PayPal,Completed,37
ORD-1541,CUST-0245,Donald Jones,donald.jones@email.com,PROD-1128,Sunscreen,Beauty,Neutrogena,92.28,3,276.84,15.0,2024-06-14,9735 Park Rd,Austin,TX,Australia,Credit Card,Shipped,39
ORD-1749,CUST-0150,Amanda Jones,amanda.jones@email.com,PROD-5081,Tennis Racket,Sports,Under Armour,192.59,1,192.59,10.0,2025-03-16,6744 Second Ave,San Francisco,CA,USA,PayPal,Pending,54
ORD-2129,CUST-0245,John Robinson,john.robinson@email.com,PROD-4901,Samsung Galaxy S23,Electronics,Logitech,787.98,1,787.98,10.0,2023-11-12,4813 Main St,Indianapolis,IN,UK,Credit Card,Cancelled,37
ORD-1485,CUST-0123,Mark Lewis,mark.lewis@email.com,PROD-7195,Dress,Clothing,Gap,157.52,1,157.52,5.0,2025-02-23,1917 First St,New York,NY,Germany,Apple Pay,Completed,36
ORD-1096,CUST-0185,Donald Davis,donald.davis@email.com,PROD-9234,Dell Laptop,Electronics,Dell,1850.06,3,5550.18,25.0,2024-03-20,2288 First St,Jacksonville,FL,Germany,PayPal,Cancelled,56
ORD-2021,CUST-0201,David Johnson,david.johnson@email.com,PROD-6321,Running Shoes,Sports,Spalding,273.35,4,1093.4,10.0,2025-03-05,3741 Park Rd,San Antonio,TX,Australia,Debit Card,Completed,
ORD-1564,CUST-0159,James Brown,james.brown@email.com,PROD-1550,Business Strategy,Books,O'Reilly,55.31,4,221.24,25.0,2025-05-13,9474 Main St,Dallas,TX,UK,Debit Card,Processing,49
ORD-1743,CUST-0213,Angela Clark,,PROD-2573,Web Development,Books,O'Reilly,51.63,5,258.15,20.0,2023-10-09,9137 Elm St,San Francisco,CA,Australia,Bank Transfer,Completed,20
ORD-1864,CUST-0204,Steven Miller,steven.miller@email.com,PROD-4140,Data Science Handbook,Books,Wiley,70.73,5,353.65,25.0,2023-11-12,306 Elm St,Chicago,IL,Australia,Apple Pay,Completed,22
ORD-1892,CUST-0182,Donald White,donald.white@email.com,PROD-2078,Python Programming,Books,Pearson,13.37,4,53.48,25.0,2025-02-17,299 Oak Ave,San Antonio,TX,UK,Apple Pay,Completed,
ORD-2039,CUST-0133,Andrew Sanchez,andrew.sanchez@email.com,PROD-4640,Action Figure,Toys,LEGO,62.01,3,186.03,10.0,2024-10-19,,Chicago,IL,Canada,Bank Transfer,Completed,56
ORD-1207,CUST-0244,Andrew Martin,andrew.martin@email.com,PROD-2527,Toy Car,Toys,Playmobil,53.4,2,106.8,20.0,2023-05-24,811 Elm St,Columbus,OH,Germany,Apple Pay,Cancelled,69
ORD-1393,CUST-0240,Melissa Wilson,melissa.wilson@email.com,PROD-3943,Bed Sheets,Home & Garden,Dyson,234.8,3,704.4,10.0,2023-08-15,1380 Park Rd,San Jose,CA,Germany,PayPal,Completed,41
ORD-1795,CUST-0152,Jessica Rodriguez,jessica.rodriguez@email.com,PROD-3308,Shampoo,Beauty,Neutrogena,130.71,3,392.13,0.0,2024-08-06,3974 First St,Dallas,TX,UK,PayPal,Pending,43
ORD-1871,CUST-0286,Brenda Sanchez,brenda.sanchez@email.com,PROD-2370,Perfume,Beauty,,124.13,2,248.26,0.0,2024-03-13,4840 Park Rd,Los Angeles,CA,Canada,PayPal,Completed,66
ORD-1398,CUST-0198,Jessica Miller,jessica.miller@email.com,PROD-7040,Sunscreen,Beauty,L'Oreal,81.63,2,163.26,15.0,2024-06-26,6955 First St,Philadelphia,PA,USA,Credit Card,Cancelled,73
ORD-1767,CUST-0252,Matthew Robinson,matthew.robinson@email.com,PROD-9216,Jeans,Clothing,Gap,130.01,1,130.01,15.0,2023-07-03,823 Second Ave,Indianapolis,IN,Australia,Credit Card,Completed,74
ORD-2119,CUST-0190,David Brown,david.brown@email.com,PROD-7225,Coffee Maker,Home & Garden,Dyson,30.73,4,122.92,,2024-07-26,599 First St,Phoenix,AZ,UK,Credit Card,Pending,58
ORD-2029,CUST-0064,Sarah Perez,sarah.perez@email.com,PROD-9704,Vacuum Cleaner,Home & Garden,West Elm,94.71,2,189.42,,2025-04-06,5627 Elm St,Columbus,OH,Canada,Apple Pay,Pending,73
ORD-1643,CUST-0173,Daniel Robinson,daniel.robinson@email.com,PROD-2073,Puzzle,Toys,Fisher-Price,40.45,3,121.35,,2024-10-06,,San Antonio,TX,Australia,Credit Card,Cancelled,60
ORD-1613,CUST-0185,Michelle Rodriguez,michelle.rodriguez@email.com,PROD-7882,Coffee Maker,Home & Garden,IKEA,215.15,1,215.15,10.0,2023-07-28,1483 Elm St,Columbus,OH,UK,Debit Card,Cancelled,
ORD-1961,CUST-0130,Kimberly Miller,kimberly.miller@email.com,PROD-9374,MacBook Pro,Electronics,HP,1838.22,5,9191.1,25.0,2023-09-14,7415 Oak Ave,Chicago,IL,Australia,Debit Card,Processing,57
ORD-1726,CUST-0154,Helen Ramirez,helen.ramirez@email.com,PROD-4588,Action Figure,Toys,Playmobil,89.27,2,178.54,5.0,2023-08-31,6651 First St,Seattle,WA,Germany,Apple Pay,Pending,33
ORD-1684,CUST-0112,Matthew Smith,matthew.smith@email.com,PROD-4381,Shorts,Clothing,Adidas,107.42,4,429.68,15.0,2024-06-26,9876 Park Rd,Philadelphia,PA,Australia,PayPal,Completed,74
ORD-1099,CUST-0002,Angela Miller,angela.miller@email.com,PROD-9867,Dell Laptop,Electronics,Dell,1988.54,1,1988.54,15.0,2023-06-24,2318 Elm St,San Jose,CA,Australia,Debit Card,Pending,42
ORD-1805,CUST-0176,Anna Lopez,anna.lopez@email.com,PROD-7457,Dress,Clothing,H&M,51.28,3,153.84,20.0,2024-03-19,2280 Elm St,Philadelphia,PA,Canada,Apple Pay,Processing,68
ORD-1407,CUST-0053,Donald Moore,donald.moore@email.com,PROD-2553,Toy Car,Toys,Hasbro,63.99,4,255.96,25.0,2023-10-06,5309 Elm St,Austin,TX,Canada,Debit Card,Completed,56
ORD-1503,CUST-0073,John Perez,john.perez@email.com,PROD-2262,Python Programming,Books,Pearson,21.95,1,21.95,15.0,2025-01-09,7842 Main St,New York,NY,Australia,Credit Card,Completed,36
ORD-2072,CUST-0294,James Davis,james.davis@email.com,PROD-7974,Sneakers,Clothing,H&M,136.92,2,273.84,5.0,2023-12-11,,Columbus,OH,USA,Apple Pay,Pending,23
ORD-2057,CUST-0154,Andrew Clark,andrew.clark@email.com,PROD-1567,MacBook Pro,Electronics,Dell,1190.32,2,2380.64,10.0,2023-12-06,2848 Oak Ave,San Diego,CA,Canada,Bank Transfer,Completed,
ORD-1930,CUST-0221,Andrew Martin,andrew.martin@email.com,PROD-9573,Basketball,Sports,Spalding,152.88,1,152.88,15.0,2024-09-29,3137 Oak Ave,San Diego,CA,USA,Debit Card,Cancelled,19
ORD-1780,CUST-0122,Michelle Robinson,michelle.robinson@email.com,PROD-2909,Coffee Maker,Home & Garden,West Elm,379.51,4,1518.04,0.0,2023-07-05,3428 Park Rd,San Antonio,TX,USA,Debit Card,Cancelled,23
ORD-1201,CUST-0149,David Anderson,david.anderson@email.com,PROD-4914,Dell Laptop,Electronics,Dell,1703.56,5,8517.8,20.0,2023-10-13,9370 Elm St,Charlotte,NC,Canada,PayPal,Cancelled,20
ORD-1135,CUST-0123,Michelle Gonzalez,michelle.gonzalez@email.com,PROD-1198,Dining Table,Home & Garden,IKEA,493.77,3,1481.31,,2024-12-25,2930 First St,Columbus,OH,UK,Credit Card,Completed,18
ORD-2052,CUST-0010,Brenda Miller,brenda.miller@email.com,PROD-1645,Dell Laptop,Electronics,Samsung,1781.94,1,1781.94,10.0,2025-01-09,7617 Oak Ave,San Antonio,TX,Canada,Bank Transfer,Pending,32
ORD-1048,CUST-0243,Donald Robinson,donald.robinson@email.com,PROD-3069,Vacuum Cleaner,Home & Garden,KitchenAid,263.59,5,1317.95,0.0,2024-08-15,351 Elm St,Houston,TX,Germany,PayPal,Cancelled,27
ORD-2018,CUST-0223,Sarah Lewis,sarah.lewis@email.com,PROD-2575,Action Figure,Toys,Fisher-Price,57.11,1,57.11,25.0,2025-01-30,5502 Second Ave,Seattle,WA,UK,PayPal,Processing,37
ORD-1231,CUST-0125,John Johnson,john.johnson@email.com,PROD-2467,Perfume,Beauty,Neutrogena,43.32,4,173.28,,2025-02-14,,Austin,TX,USA,PayPal,Processing,26
ORD-1379,CUST-0034,David Rodriguez,david.rodriguez@email.com,PROD-5495,Action Figure,Toys,Playmobil,27.27,1,27.27,25.0,2025-04-16,9276 First St,Seattle,WA,Germany,Credit Card,Cancelled,59
ORD-1289,CUST-0022,Christopher Brown,christopher.brown@email.com,PROD-9792,Sunscreen,Beauty,Chanel,29.15,5,145.75,0.0,2023-06-29,7820 Second Ave,Phoenix,AZ,Australia,Credit Card,Shipped,26
ORD-1419,CUST-0249,Lisa Harris,lisa.harris@email.com,PROD-1686,MacBook Pro,Electronics,Asus,238.84,5,1194.2,15.0,2025-01-29,7853 Park Rd,Indianapolis,IN,UK,Apple Pay,Cancelled,61
ORD-1392,CUST-0121,Christopher Miller,christopher.miller@email.com,PROD-7130,Dining Table,Home & Garden,Cuisinart,145.9,1,145.9,,2023-08-17,3871 Second Ave,San Jose,CA,Australia,Credit Card,Cancelled,39
ORD-1593,CUST-0134,James Martinez,james.martinez@email.com,PROD-1586,Web Development,Books,McGraw-Hill,63.29,2,126.58,0.0,2024-01-04,4871 Park Rd,Jacksonville,FL,Germany,PayPal,Processing,48
ORD-2087,CUST-0143,Lisa Sanchez,lisa.sanchez@email.com,PROD-2235,iPad Air,Electronics,Samsung,958.52,5,4792.6,,2024-09-16,6275 Elm St,Indianapolis,IN,USA,Bank Transfer,Shipped,39
ORD-1648,CUST-0217,Lisa Jackson,lisa.jackson@email.com,PROD-5467,Lipstick,Beauty,Nivea,66.11,1,66.11,15.0,2024-06-12,8098 Park Rd,Dallas,TX,Canada,Apple Pay,Completed,43
ORD-1521,CUST-0183,Jennifer Lewis,jennifer.lewis@email.com,PROD-7163,Shorts,Clothing,Nike,176.69,5,883.45,,2024-11-02,3877 Main St,San Jose,CA,USA,Apple Pay,Processing,32
ORD-1065,CUST-0172,Michael Hernandez,michael.hernandez@email.com,PROD-3464,Perfume,Beauty,MAC,55.34,5,276.7,10.0,2024-04-04,1488 Park Rd,Fort Worth,TX,Canada,Apple Pay,Cancelled,39
ORD-1015,CUST-0136,Matthew Thomas,matthew.thomas@email.com,PROD-5534,LEGO Set,Toys,LEGO,13.97,3,41.91,25.0,2024-02-15,7107 Second Ave,Philadelphia,PA,Australia,Credit Card,Completed,
ORD-2065,CUST-0004,Jessica Harris,jessica.harris@email.com,PROD-7263,Coffee Maker,Home & Garden,KitchenAid,419.02,2,838.04,5.0,2023-11-13,5964 Second Ave,Seattle,WA,Australia,Credit Card,Shipped,63
ORD-1493,CUST-0168,Anthony Gonzalez,anthony.gonzalez@email.com,PROD-1077,MacBook Pro,Electronics,Apple,1827.7,3,5483.1,,2024-07-08,740 Park Rd,Los Angeles,CA,Germany,Credit Card,Completed,71
ORD-1380,CUST-0166,Melissa Ramirez,melissa.ramirez@email.com,PROD-6923,Python Programming,Books,No Starch Press,46.21,1,46.21,5.0,2023-07-10,5281 Main St,Dallas,TX,Australia,Debit Card,Shipped,74
ORD-1188,CUST-0083,Jessica Perez,jessica.perez@email.com,PROD-9867,LEGO Set,Toys,Mattel,12.91,4,51.64,,2025-04-13,9295 First St,Seattle,WA,Canada,PayPal,Processing,69
ORD-1764,CUST-0269,Kimberly Williams,kimberly.williams@email.com,PROD-1722,Business Strategy,Books,Pearson,39.94,2,79.88,,2024-01-03,7347 Main St,Chicago,IL,Germany,Debit Card,Processing,
ORD-1217,CUST-0295,Anna Rodriguez,anna.rodriguez@email.com,PROD-3102,Toy Car,Toys,Mattel,14.87,4,59.48,20.0,2023-06-25,2963 First St,Indianapolis,IN,UK,Credit Card,Processing,62
ORD-1792,CUST-0230,Andrew Jones,andrew.jones@email.com,PROD-6646,Puzzle,Toys,Hasbro,11.75,1,11.75,15.0,2025-02-21,2737 Second Ave,San Francisco,CA,Australia,Apple Pay,Completed,34
ORD-2077,CUST-0161,Michelle White,michelle.white@email.com,PROD-4842,T-Shirt,Clothing,H&M,74.44,5,372.2,0.0,2025-01-07,4390 Elm St,San Diego,CA,Australia,Debit Card,Completed,72
ORD-1879,CUST-0068,Sarah Clark,sarah.clark@email.com,PROD-1744,Lipstick,Beauty,MAC,53.29,5,266.45,,2025-01-03,6115 First St,Phoenix,AZ,Canada,Credit Card,Processing,
ORD-1338,CUST-0115,John Smith,john.smith@email.com,PROD-8577,Sunscreen,Beauty,Nivea,36.15,2,72.3,,2025-02-13,1559 Park Rd,Columbus,OH,Germany,PayPal,Processing,63
ORD-1720,CUST-0225,William Thomas,william.thomas@email.com,PROD-8591,Perfume,Beauty,MAC,26.52,1,26.52,5.0,2025-03-08,5843 First St,Houston,TX,UK,Debit Card,Cancelled,
ORD-1296,CUST-0300,Michelle Johnson,michelle.johnson@email.com,PROD-7347,Jeans,Clothing,Levi's,84.09,4,336.36,25.0,2024-05-24,625 Elm St,Dallas,TX,Canada,Apple Pay,Completed,25
ORD-2017,CUST-0023,Christopher Smith,christopher.smith@email.com,PROD-2347,Lipstick,Beauty,MAC,141.88,5,709.4,10.0,2024-06-23,,San Diego,CA,USA,Apple Pay,Processing,61
ORD-1456,CUST-0203,David Anderson,david.anderson@email.com,PROD-8849,Perfume,Beauty,MAC,21.3,2,42.6,5.0,2023-12-02,444 Park Rd,San Francisco,CA,Canada,PayPal,Shipped,61
ORD-1816,CUST-0004,Mark Martinez,mark.martinez@email.com,PROD-2473,Dell Laptop,Electronics,,1063.2,4,4252.8,5.0,2023-12-17,8824 Oak Ave,Seattle,WA,Australia,Debit Card,Cancelled,23
ORD-1270,CUST-0058,Amanda Thomas,amanda.thomas@email.com,PROD-3088,Sneakers,Clothing,Gap,108.97,4,435.88,0.0,2024-04-20,8828 First St,Seattle,WA,USA,Debit Card,Processing,57
ORD-1996,CUST-0069,Paul Taylor,paul.taylor@email.com,PROD-3596,Kitchen Knife Set,Home & Garden,Cuisinart,283.73,4,1134.92,25.0,2024-06-13,4185 Park Rd,Columbus,OH,USA,PayPal,Processing,
ORD-1202,CUST-0250,Ashley Williams,ashley.williams@email.com,PROD-6919,T-Shirt,Clothing,Uniqlo,86.8,4,347.2,0.0,2025-03-17,8642 Elm St,Austin,TX,USA,Bank Transfer,Pending,54
ORD-1162,CUST-0206,Jane Gonzalez,jane.gonzalez@email.com,PROD-5401,Data Science Handbook,Books,O'Reilly,72.79,1,72.79,10.0,2024-04-05,1709 Oak Ave,Dallas,TX,Australia,PayPal,Pending,46
ORD-1730,CUST-0270,Michael Clark,michael.clark@email.com,PROD-5260,T-Shirt,Clothing,H&M,44.12,5,220.6,,2025-02-02,,San Diego,CA,UK,Bank Transfer,Shipped,69
ORD-1402,CUST-0023,Daniel Smith,daniel.smith@email.com,PROD-7543,Perfume,Beauty,Chanel,129.52,4,518.08,,2024-02-03,7706 First St,Houston,TX,Canada,Debit Card,Completed,
ORD-1703,CUST-0039,Melissa Martin,,PROD-3385,Sony Headphones,Electronics,Apple,1557.19,1,1557.19,15.0,2024-03-05,8870 Second Ave,Charlotte,NC,UK,Bank Transfer,Pending,48
ORD-2130,CUST-0068,Andrew Thomas,andrew.thomas@email.com,PROD-7011,Perfume,Beauty,Chanel,79.9,4,319.6,5.0,2024-06-06,325 Main St,New York,NY,Australia,PayPal,Cancelled,50
ORD-1566,CUST-0009,James Clark,james.clark@email.com,PROD-7001,Data Science Handbook,Books,No Starch Press,46.14,4,184.56,25.0,2025-04-07,8316 Oak Ave,Los Angeles,CA,USA,Bank Transfer,Completed,20
ORD-2022,CUST-0045,Emily Martin,emily.martin@email.com,PROD-6440,Toy Car,Toys,Hasbro,19.65,1,19.65,0.0,2025-02-24,393 Park Rd,Philadelphia,PA,UK,Debit Card,Completed,21
ORD-2026,CUST-0202,Daniel Smith,daniel.smith@email.com,PROD-7557,Puzzle,Toys,Fisher-Price,95.74,2,191.48,0.0,2025-02-17,7341 Second Ave,Charlotte,NC,Australia,Bank Transfer,Processing,47
ORD-2105,CUST-0001,Steven Rodriguez,steven.rodriguez@email.com,PROD-7816,Dell Laptop,Electronics,HP,1738.7,2,3477.4,0.0,2023-05-28,1268 First St,San Francisco,CA,Australia,Credit Card,Processing,40
ORD-1206,CUST-0299,Paul Harris,paul.harris@email.com,PROD-6615,Sunscreen,Beauty,MAC,138.97,5,694.85,5.0,2024-06-13,3415 Second Ave,Fort Worth,TX,Canada,Apple Pay,Cancelled,56
ORD-1035,CUST-0102,Melissa Brown,melissa.brown@email.com,PROD-2170,Shampoo,Beauty,MAC,16.47,3,49.41,20.0,2024-03-13,5082 Elm St,Charlotte,NC,USA,Debit Card,Pending,49
ORD-1776,CUST-0021,Andrew Wilson,andrew.wilson@email.com,PROD-9273,Face Cream,Beauty,L'Oreal,78.53,3,235.59,0.0,2024-09-06,8692 Main St,Indianapolis,IN,Australia,Credit Card,Shipped,19
ORD-1509,CUST-0017,Michelle Robinson,michelle.robinson@email.com,PROD-2608,Puzzle,Toys,Fisher-Price,90.37,3,271.11,5.0,2024-12-20,2380 Elm St,Columbus,OH,UK,PayPal,Pending,53
ORD-1590,CUST-0016,Robert Jackson,robert.jackson@email.com,PROD-4964,Hoodie,Clothing,Levi's,162.4,4,649.6,0.0,2025-01-30,1244 Main St,Austin,TX,Canada,Credit Card,Cancelled,48
ORD-1092,CUST-0125,Jane Perez,jane.perez@email.com,PROD-7772,Hoodie,Clothing,,76.1,4,304.4,,2023-10-10,2687 First St,New York,NY,Germany,Debit Card,Cancelled,66
ORD-1898,CUST-0212,Matthew Rodriguez,matthew.rodriguez@email.com,PROD-8276,T-Shirt,Clothing,Nike,55.69,2,111.38,0.0,2024-03-06,9317 Second Ave,Austin,TX,Australia,Apple Pay,Cancelled,54
ORD-1565,CUST-0280,Helen Brown,,PROD-3899,Sony Headphones,Electronics,HP,1748.28,2,3496.56,,2023-09-22,1121 Park Rd,Los Angeles,CA,Australia,Credit Card,Processing,72
ORD-1777,CUST-0016,Anthony Brown,anthony.brown@email.com,PROD-9584,Coffee Maker,Home & Garden,West Elm,464.06,2,928.12,10.0,2024-09-17,9866 Main St,San Francisco,CA,UK,Debit Card,Completed,61
ORD-1242,CUST-0259,Michael Davis,michael.davis@email.com,PROD-2353,Puzzle,Toys,Hasbro,52.83,1,52.83,10.0,2023-08-18,2236 Oak Ave,Fort Worth,TX,Germany,Debit Card,Processing,43
ORD-1014,CUST-0126,Amanda Martinez,amanda.martinez@email.com,PROD-9667,Toy Car,Toys,Mattel,10.7,5,53.5,25.0,2023-09-06,1853 Elm St,Phoenix,AZ,UK,Apple Pay,Shipped,56
ORD-1316,CUST-0117,Jessica Jones,jessica.jones@email.com,PROD-2831,Dell Laptop,Electronics,HP,201.58,4,806.32,0.0,2023-12-10,8512 Second Ave,Houston,TX,USA,Credit Card,Cancelled,34
ORD-1601,CUST-0276,Paul Garcia,paul.garcia@email.com,PROD-9222,Gaming Mouse,Electronics,Samsung,645.5,5,3227.5,25.0,2024-03-25,5404 Oak Ave,San Antonio,TX,Germany,PayPal,Cancelled,72
ORD-1388,CUST-0149,Daniel Miller,daniel.miller@email.com,PROD-4263,Board Game,Toys,LEGO,27.8,2,55.6,10.0,2023-11-17,3311 Main St,Austin,TX,Germany,PayPal,Pending,19
ORD-1167,CUST-0056,Michelle Williams,michelle.williams@email.com,PROD-5896,Machine Learning,Books,McGraw-Hill,23.19,5,115.95,0.0,2025-01-26,517 Elm St,Fort Worth,TX,UK,Debit Card,Pending,44
ORD-1841,CUST-0136,Emily Lewis,emily.lewis@email.com,PROD-1836,Shampoo,Beauty,L'Oreal,81.21,5,406.05,0.0,2023-08-22,549 Elm St,Columbus,OH,USA,Bank Transfer,Completed,75
ORD-1031,CUST-0038,Daniel Wilson,daniel.wilson@email.com,PROD-4998,Yoga Mat,Sports,Spalding,61.32,1,61.32,0.0,2024-07-31,8586 First St,San Diego,CA,Canada,Credit Card,Processing,72
ORD-1647,CUST-0008,Jane Robinson,jane.robinson@email.com,PROD-4939,Face Cream,Beauty,,101.66,3,304.98,15.0,2024-01-11,,Jacksonville,FL,Australia,PayPal,Processing,60
ORD-2155,CUST-0066,Mark Williams,mark.williams@email.com,PROD-5591,Basketball,Sports,Adidas,93.75,3,281.25,20.0,2024-11-23,5201 Main St,San Antonio,TX,USA,Bank Transfer,Cancelled,59
ORD-1832,CUST-0208,Michelle Jackson,michelle.jackson@email.com,PROD-6051,Perfume,Beauty,MAC,96.45,3,289.35,25.0,2024-05-13,2925 Oak Ave,Jacksonville,FL,UK,Bank Transfer,Cancelled,26
ORD-1563,CUST-0129,Lisa Brown,lisa.brown@email.com,PROD-6992,Bed Sheets,Home & Garden,,431.3,3,1293.9,5.0,2025-02-12,3032 Elm St,Seattle,WA,Canada,Credit Card,Shipped,51
ORD-2190,CUST-0041,James Sanchez,james.sanchez@email.com,PROD-3216,LEGO Set,Toys,Fisher-Price,80.44,1,80.44,10.0,2023-06-08,170 Oak Ave,Phoenix,AZ,UK,Apple Pay,Processing,23
ORD-1687,CUST-0016,Jane Thomas,jane.thomas@email.com,PROD-1722,Kitchen Knife Set,Home & Garden,Cuisinart,336.89,3,1010.67,25.0,2024-09-24,,San Antonio,TX,UK,Bank Transfer,Shipped,46
ORD-1958,CUST-0089,Helen Williams,helen.williams@email.com,PROD-9820,Business Strategy,Books,O'Reilly,20.76,4,83.04,20.0,2024-10-15,1803 Second Ave,Fort Worth,TX,UK,Credit Card,Processing,53
ORD-1190,CUST-0089,Angela Taylor,angela.taylor@email.com,PROD-3132,Dell Laptop,Electronics,Dell,363.81,3,1091.43,,2024-09-11,5385 Second Ave,Phoenix,AZ,USA,Credit Card,Processing,37
ORD-1976,CUST-0018,John Brown,john.brown@email.com,PROD-3014,Jacket,Clothing,Zara,23.81,3,71.43,10.0,2024-02-05,808 First St,Phoenix,AZ,Germany,Debit Card,Pending,45
ORD-1700,CUST-0154,David White,david.white@email.com,PROD-1200,MacBook Pro,Electronics,Apple,269.87,3,809.61,0.0,2024-03-28,7970 Oak Ave,Phoenix,AZ,UK,PayPal,Cancelled,31
ORD-1511,CUST-0287,John Harris,john.harris@email.com,PROD-4976,Action Figure,Toys,Playmobil,62.23,3,186.69,,2024-11-29,6533 Oak Ave,San Jose,CA,USA,Debit Card,Completed,66
ORD-2083,CUST-0155,Anthony Jones,anthony.jones@email.com,PROD-7924,iPad Air,Electronics,,1541.74,1,1541.74,15.0,2025-04-21,3474 Oak Ave,Charlotte,NC,USA,Credit Card,Completed,28
ORD-1475,CUST-0244,Sarah Rodriguez,sarah.rodriguez@email.com,PROD-4498,Yoga Mat,Sports,Spalding,109.65,1,109.65,15.0,2023-07-25,3596 Main St,Jacksonville,FL,Australia,PayPal,Completed,61
ORD-1857,CUST-0227,James Moore,james.moore@email.com,PROD-4617,Tennis Racket,Sports,Wilson,73.84,5,369.2,0.0,2024-07-31,6154 Park Rd,Phoenix,AZ,Canada,Debit Card,Cancelled,72
ORD-1748,CUST-0087,Angela Clark,angela.clark@email.com,PROD-9569,Yoga Mat,Sports,,265.02,5,1325.1,5.0,2024-10-08,,Seattle,WA,Canada,PayPal,Processing,30
ORD-1253,CUST-0275,Matthew Lee,matthew.lee@email.com,PROD-8486,LEGO Set,Toys,Playmobil,84.43,1,84.43,5.0,2024-11-04,743 Second Ave,Seattle,WA,Australia,Debit Card,Processing,21
ORD-1022,CUST-0238,Lisa Taylor,lisa.taylor@email.com,PROD-9271,Dumbbell Set,Sports,Spalding,139.49,5,697.45,5.0,2024-09-20,4643 Second Ave,Charlotte,NC,UK,Debit Card,Shipped,22
ORD-1460,CUST-0145,Amanda Williams,amanda.williams@email.com,PROD-3476,MacBook Pro,Electronics,Apple,397.23,5,1986.15,5.0,2025-04-17,5040 Second Ave,Columbus,OH,Canada,Bank Transfer,Pending,35
ORD-2185,CUST-0282,Ashley Miller,ashley.miller@email.com,PROD-7384,Running Shoes,Sports,Nike,50.08,3,150.24,20.0,2023-06-20,4145 Second Ave,Houston,TX,Australia,Apple Pay,Pending,20
ORD-1277,CUST-0270,Anna Harris,anna.harris@email.com,PROD-2450,Dining Table,Home & Garden,IKEA,141.48,1,141.48,20.0,2025-01-05,,San Jose,CA,Germany,Bank Transfer,Processing,48
ORD-1956,CUST-0211,Robert Johnson,robert.johnson@email.com,PROD-8142,Machine Learning,Books,No Starch Press,27.11,2,54.22,5.0,2025-02-18,,San Jose,CA,Canada,Debit Card,Completed,34
ORD-1386,CUST-0028,Melissa Lopez,melissa.lopez@email.com,PROD-6596,Hoodie,Clothing,Adidas,50.03,4,200.12,15.0,2025-01-26,5599 Second Ave,Austin,TX,Germany,Bank Transfer,Cancelled,24
ORD-1806,CUST-0114,Anna Miller,anna.miller@email.com,PROD-5272,Running Shoes,Sports,Wilson,42.29,3,126.87,10.0,2024-09-28,9528 Oak Ave,Philadelphia,PA,UK,Debit Card,Processing,62
ORD-1344,CUST-0253,Sarah Ramirez,sarah.ramirez@email.com,PROD-5655,T-Shirt,Clothing,Zara,48.42,2,96.84,10.0,2024-12-19,167 Second Ave,San Antonio,TX,Germany,Apple Pay,Shipped,22
ORD-1770,CUST-0025,Brenda Brown,brenda.brown@email.com,PROD-9672,Business Strategy,Books,O'Reilly,61.7,3,185.1,10.0,2025-03-12,8266 Oak Ave,Philadelphia,PA,Germany,Apple Pay,Shipped,66
ORD-1131,CUST-0220,Robert Thompson,robert.thompson@email.com,PROD-5490,Lipstick,Beauty,Nivea,21.25,3,63.75,10.0,2025-04-02,5105 Elm St,Philadelphia,PA,USA,PayPal,Cancelled,63
ORD-1872,CUST-0248,William Wilson,william.wilson@email.com,PROD-6069,Toy Car,Toys,Hasbro,46.78,5,233.9,25.0,2023-08-31,376 First St,Los Angeles,CA,USA,Debit Card,Shipped,
ORD-2124,CUST-0052,Anthony Garcia,anthony.garcia@email.com,PROD-4556,Dumbbell Set,Sports,Spalding,73.1,2,146.2,20.0,2025-05-07,2283 Oak Ave,San Francisco,CA,Canada,Apple Pay,Cancelled,20
ORD-1088,CUST-0057,Melissa Jackson,melissa.jackson@email.com,PROD-4729,Face Cream,Beauty,Neutrogena,110.44,5,552.2,20.0,2025-02-25,4068 Main St,Fort Worth,TX,Canada,Apple Pay,Completed,46
ORD-1331,CUST-0159,Daniel Thomas,daniel.thomas@email.com,PROD-5469,Kitchen Knife Set,Home & Garden,IKEA,89.8,3,269.4,10.0,2025-03-27,791 Elm St,Seattle,WA,Canada,Debit Card,Completed,
ORD-1467,CUST-0206,Jennifer Johnson,jennifer.johnson@email.com,PROD-2265,Shorts,Clothing,Uniqlo,166.06,4,664.24,25.0,2025-03-10,6186 Elm St,Fort Worth,TX,Australia,Debit Card,Shipped,24
ORD-1122,CUST-0096,Mark Perez,mark.perez@email.com,PROD-8366,iPad Air,Electronics,Logitech,1204.8,4,4819.2,,2023-12-28,1125 Second Ave,San Antonio,TX,UK,Credit Card,Processing,38
ORD-2045,CUST-0202,Lisa Taylor,lisa.taylor@email.com,PROD-5920,Jacket,Clothing,Adidas,199.45,4,797.8,10.0,2023-10-09,6280 Elm St,New York,NY,Australia,PayPal,Shipped,22
ORD-2096,CUST-0191,Anthony Martinez,anthony.martinez@email.com,PROD-5204,Vacuum Cleaner,Home & Garden,Cuisinart,113.35,5,566.75,5.0,2024-07-16,6623 Main St,Phoenix,AZ,USA,Debit Card,Processing,29
ORD-2131,CUST-0183,Mark Ramirez,mark.ramirez@email.com,PROD-5633,Bed Sheets,Home & Garden,KitchenAid,297.5,3,892.5,15.0,2025-03-14,3664 Second Ave,San Antonio,TX,USA,Apple Pay,Cancelled,71
ORD-1861,CUST-0140,Daniel Jones,daniel.jones@email.com,PROD-7964,Bed Sheets,Home & Garden,Cuisinart,61.17,1,61.17,0.0,2023-12-17,7943 Park Rd,Indianapolis,IN,UK,PayPal,Cancelled,55
ORD-2127,CUST-0248,James Clark,james.clark@email.com,PROD-6605,MacBook Pro,Electronics,Asus,297.33,4,1189.32,,2024-08-18,1237 Oak Ave,Austin,TX,Australia,Apple Pay,Shipped,18